USE [master]
GO

/*******************************************************************************
   Drop database if it exists
********************************************************************************/
IF EXISTS (SELECT name FROM master.dbo.sysdatabases WHERE name = N'PDM')
BEGIN
	ALTER DATABASE [PDM] SET OFFLINE WITH ROLLBACK IMMEDIATE;
	ALTER DATABASE [PDM] SET ONLINE;
	DROP DATABASE [PDM];
END

GO

CREATE DATABASE [PDM]
GO

USE [PDM]
GO

/*******************************************************************************
	Drop tables if exists
*******************************************************************************/
DECLARE @sql nvarchar(MAX) 
SET @sql = N'' 

SELECT @sql = @sql + N'ALTER TABLE ' + QUOTENAME(KCU1.TABLE_SCHEMA) 
    + N'.' + QUOTENAME(KCU1.TABLE_NAME) 
    + N' DROP CONSTRAINT ' -- + QUOTENAME(rc.CONSTRAINT_SCHEMA)  + N'.'  -- not in MS-SQL
    + QUOTENAME(rc.CONSTRAINT_NAME) + N'; ' + CHAR(13) + CHAR(10) 
FROM INFORMATION_SCHEMA.REFERENTIAL_CONSTRAINTS AS RC 

INNER JOIN INFORMATION_SCHEMA.KEY_COLUMN_USAGE AS KCU1 
    ON KCU1.CONSTRAINT_CATALOG = RC.CONSTRAINT_CATALOG  
    AND KCU1.CONSTRAINT_SCHEMA = RC.CONSTRAINT_SCHEMA 
    AND KCU1.CONSTRAINT_NAME = RC.CONSTRAINT_NAME 

EXECUTE(@sql) 

GO
DECLARE @sql2 NVARCHAR(max)=''

SELECT @sql2 += ' Drop table ' + QUOTENAME(TABLE_SCHEMA) + '.'+ QUOTENAME(TABLE_NAME) + '; '
FROM   INFORMATION_SCHEMA.TABLES
WHERE  TABLE_TYPE = 'BASE TABLE'

Exec Sp_executesql @sql2 
GO 

CREATE TABLE [ProductModel](
	[ModelID] [int] NOT NULL primary key,
	[Name] nvarchar(100) NOT NULL
)
GO

CREATE TABLE [ProductSubcategory](
	[SubcategoryID] [int] NOT NULL primary key,
	[Category] nvarchar(100),
	[Name] nvarchar(100) NOT NULL
)
GO

CREATE TABLE [Product](
	[ProductID] [int] NOT NULL primary key,
	[Name] nvarchar(200) NOT NULL,
	[Color] nvarchar(15) NULL,
	[Price] [money] NOT NULL,
	[SubcategoryID] [int] NULL references ProductSubcategory(SubcategoryID),
	[ModelID] [int] NULL references ProductModel(ModelID),
	[Discontinued] [bit] NOT NULL
)
GO

CREATE TABLE [Warehouse](
	[LocationID] [smallint] NOT NULL primary key,
	[Name] nvarchar(200) NOT NULL,
	[Address] nvarchar(200) NOT NULL
)
GO

CREATE TABLE [ProductInventory](
	[ProductID] [int] references Product(ProductID),
	[LocationID] [smallint] references Warehouse(LocationID),
	[Sell] [tinyint] NOT NULL,
	[Quantity] [smallint] NOT NULL,
	primary key (ProductID, LocationID)
)
GO

CREATE TABLE [ProductHistory](
	[ProductID] [int] NOT NULL references Product(ProductID),
	[StartDate] [datetime] NOT NULL,
	[EndDate] [datetime] NULL,
	[Price] [money] NOT NULL,
	primary key ([ProductID], StartDate)
)

INSERT [dbo].[ProductSubcategory] ([SubcategoryID], [Category], [Name]) VALUES (1, N'Bikes', N'Mountain Bikes')
INSERT [dbo].[ProductSubcategory] ([SubcategoryID], [Category], [Name]) VALUES (2, N'Bikes', N'Road Bikes')
INSERT [dbo].[ProductSubcategory] ([SubcategoryID], [Category], [Name]) VALUES (3, N'Bikes', N'Touring Bikes')
INSERT [dbo].[ProductSubcategory] ([SubcategoryID], [Category], [Name]) VALUES (4, N'Components', N'Handlebars')
INSERT [dbo].[ProductSubcategory] ([SubcategoryID], [Category], [Name]) VALUES (5, N'Components', N'Bottom Brackets')
INSERT [dbo].[ProductSubcategory] ([SubcategoryID], [Category], [Name]) VALUES (6, N'Components', N'Brakes')
INSERT [dbo].[ProductSubcategory] ([SubcategoryID], [Category], [Name]) VALUES (7, N'Components', N'Chains')
INSERT [dbo].[ProductSubcategory] ([SubcategoryID], [Category], [Name]) VALUES (8, N'Components', N'Cranksets')
INSERT [dbo].[ProductSubcategory] ([SubcategoryID], [Category], [Name]) VALUES (9, N'Components', N'Derailleurs')
INSERT [dbo].[ProductSubcategory] ([SubcategoryID], [Category], [Name]) VALUES (10, N'Components', N'Forks')
INSERT [dbo].[ProductSubcategory] ([SubcategoryID], [Category], [Name]) VALUES (11, N'Components', N'Headsets')
INSERT [dbo].[ProductSubcategory] ([SubcategoryID], [Category], [Name]) VALUES (12, N'Components', N'Mountain Frames')
INSERT [dbo].[ProductSubcategory] ([SubcategoryID], [Category], [Name]) VALUES (13, N'Components', N'Pedals')
INSERT [dbo].[ProductSubcategory] ([SubcategoryID], [Category], [Name]) VALUES (14, N'Components', N'Road Frames')
INSERT [dbo].[ProductSubcategory] ([SubcategoryID], [Category], [Name]) VALUES (15, N'Components', N'Saddles')
INSERT [dbo].[ProductSubcategory] ([SubcategoryID], [Category], [Name]) VALUES (16, N'Components', N'Touring Frames')
INSERT [dbo].[ProductSubcategory] ([SubcategoryID], [Category], [Name]) VALUES (17, N'Components', N'Wheels')
INSERT [dbo].[ProductSubcategory] ([SubcategoryID], [Category], [Name]) VALUES (26, N'Accessories', N'Bike Racks')
INSERT [dbo].[ProductSubcategory] ([SubcategoryID], [Category], [Name]) VALUES (27, N'Accessories', N'Bike Stands')
INSERT [dbo].[ProductSubcategory] ([SubcategoryID], [Category], [Name]) VALUES (28, N'Accessories', N'Bottles and Cages')
INSERT [dbo].[ProductSubcategory] ([SubcategoryID], [Category], [Name]) VALUES (29, N'Accessories', N'Cleaners')
INSERT [dbo].[ProductSubcategory] ([SubcategoryID], [Category], [Name]) VALUES (30, N'Accessories', N'Fenders')
INSERT [dbo].[ProductSubcategory] ([SubcategoryID], [Category], [Name]) VALUES (31, N'Accessories', N'Helmets')
INSERT [dbo].[ProductSubcategory] ([SubcategoryID], [Category], [Name]) VALUES (32, N'Accessories', N'Hydration Packs')
INSERT [dbo].[ProductSubcategory] ([SubcategoryID], [Category], [Name]) VALUES (33, N'Accessories', N'Lights')
INSERT [dbo].[ProductSubcategory] ([SubcategoryID], [Category], [Name]) VALUES (34, N'Accessories', N'Locks')
INSERT [dbo].[ProductSubcategory] ([SubcategoryID], [Category], [Name]) VALUES (35, N'Accessories', N'Panniers')
INSERT [dbo].[ProductSubcategory] ([SubcategoryID], [Category], [Name]) VALUES (36, N'Accessories', N'Pumps')
INSERT [dbo].[ProductSubcategory] ([SubcategoryID], [Category], [Name]) VALUES (37, N'Accessories', N'Tires and Tubes')
GO
INSERT [dbo].[ProductModel] ([ModelID], [Name]) VALUES (1, N'Classic Vest')
INSERT [dbo].[ProductModel] ([ModelID], [Name]) VALUES (2, N'Cycling Cap')
INSERT [dbo].[ProductModel] ([ModelID], [Name]) VALUES (3, N'Full-Finger Gloves')
INSERT [dbo].[ProductModel] ([ModelID], [Name]) VALUES (4, N'Half-Finger Gloves')
INSERT [dbo].[ProductModel] ([ModelID], [Name]) VALUES (5, N'HL Mountain Frame')
INSERT [dbo].[ProductModel] ([ModelID], [Name]) VALUES (6, N'HL Road Frame')
INSERT [dbo].[ProductModel] ([ModelID], [Name]) VALUES (7, N'HL Touring Frame')
INSERT [dbo].[ProductModel] ([ModelID], [Name]) VALUES (8, N'LL Mountain Frame')
INSERT [dbo].[ProductModel] ([ModelID], [Name]) VALUES (9, N'LL Road Frame')
INSERT [dbo].[ProductModel] ([ModelID], [Name]) VALUES (10, N'LL Touring Frame')
INSERT [dbo].[ProductModel] ([ModelID], [Name]) VALUES (11, N'Long-Sleeve Logo Jersey')
INSERT [dbo].[ProductModel] ([ModelID], [Name]) VALUES (12, N'Men''s Bib-Shorts')
INSERT [dbo].[ProductModel] ([ModelID], [Name]) VALUES (13, N'Men''s Sports Shorts')
INSERT [dbo].[ProductModel] ([ModelID], [Name]) VALUES (14, N'ML Mountain Frame')
INSERT [dbo].[ProductModel] ([ModelID], [Name]) VALUES (15, N'ML Mountain Frame-W')
INSERT [dbo].[ProductModel] ([ModelID], [Name]) VALUES (16, N'ML Road Frame')
INSERT [dbo].[ProductModel] ([ModelID], [Name]) VALUES (17, N'ML Road Frame-W')
INSERT [dbo].[ProductModel] ([ModelID], [Name]) VALUES (18, N'Mountain Bike Socks')
INSERT [dbo].[ProductModel] ([ModelID], [Name]) VALUES (19, N'Mountain-100')
INSERT [dbo].[ProductModel] ([ModelID], [Name]) VALUES (20, N'Mountain-200')
INSERT [dbo].[ProductModel] ([ModelID], [Name]) VALUES (21, N'Mountain-300')
INSERT [dbo].[ProductModel] ([ModelID], [Name]) VALUES (22, N'Mountain-400-W')
INSERT [dbo].[ProductModel] ([ModelID], [Name]) VALUES (23, N'Mountain-500')
INSERT [dbo].[ProductModel] ([ModelID], [Name]) VALUES (24, N'Racing Socks')
INSERT [dbo].[ProductModel] ([ModelID], [Name]) VALUES (25, N'Road-150')
INSERT [dbo].[ProductModel] ([ModelID], [Name]) VALUES (26, N'Road-250')
INSERT [dbo].[ProductModel] ([ModelID], [Name]) VALUES (27, N'Road-350-W')
INSERT [dbo].[ProductModel] ([ModelID], [Name]) VALUES (28, N'Road-450')
INSERT [dbo].[ProductModel] ([ModelID], [Name]) VALUES (29, N'Road-550-W')
INSERT [dbo].[ProductModel] ([ModelID], [Name]) VALUES (30, N'Road-650')
INSERT [dbo].[ProductModel] ([ModelID], [Name]) VALUES (31, N'Road-750')
INSERT [dbo].[ProductModel] ([ModelID], [Name]) VALUES (32, N'Short-Sleeve Classic Jersey')
INSERT [dbo].[ProductModel] ([ModelID], [Name]) VALUES (33, N'Sport-100')
INSERT [dbo].[ProductModel] ([ModelID], [Name]) VALUES (34, N'Touring-1000')
INSERT [dbo].[ProductModel] ([ModelID], [Name]) VALUES (35, N'Touring-2000')
INSERT [dbo].[ProductModel] ([ModelID], [Name]) VALUES (36, N'Touring-3000')
INSERT [dbo].[ProductModel] ([ModelID], [Name]) VALUES (37, N'Women''s Mountain Shorts')
INSERT [dbo].[ProductModel] ([ModelID], [Name]) VALUES (38, N'Women''s Tights')
INSERT [dbo].[ProductModel] ([ModelID], [Name]) VALUES (39, N'Mountain-400')
INSERT [dbo].[ProductModel] ([ModelID], [Name]) VALUES (40, N'Road-550')
INSERT [dbo].[ProductModel] ([ModelID], [Name]) VALUES (41, N'Road-350')
INSERT [dbo].[ProductModel] ([ModelID], [Name]) VALUES (42, N'LL Mountain Front Wheel')
INSERT [dbo].[ProductModel] ([ModelID], [Name]) VALUES (43, N'Touring Rear Wheel')
INSERT [dbo].[ProductModel] ([ModelID], [Name]) VALUES (44, N'Touring Front Wheel')
INSERT [dbo].[ProductModel] ([ModelID], [Name]) VALUES (45, N'ML Mountain Front Wheel')
INSERT [dbo].[ProductModel] ([ModelID], [Name]) VALUES (46, N'HL Mountain Front Wheel')
INSERT [dbo].[ProductModel] ([ModelID], [Name]) VALUES (47, N'LL Touring Handlebars')
INSERT [dbo].[ProductModel] ([ModelID], [Name]) VALUES (48, N'HL Touring Handlebars')
INSERT [dbo].[ProductModel] ([ModelID], [Name]) VALUES (49, N'LL Road Front Wheel')
INSERT [dbo].[ProductModel] ([ModelID], [Name]) VALUES (50, N'ML Road Front Wheel')
INSERT [dbo].[ProductModel] ([ModelID], [Name]) VALUES (51, N'HL Road Front Wheel')
INSERT [dbo].[ProductModel] ([ModelID], [Name]) VALUES (52, N'LL Mountain Handlebars')
INSERT [dbo].[ProductModel] ([ModelID], [Name]) VALUES (53, N'Touring Pedal')
INSERT [dbo].[ProductModel] ([ModelID], [Name]) VALUES (54, N'ML Mountain Handlebars')
INSERT [dbo].[ProductModel] ([ModelID], [Name]) VALUES (55, N'HL Mountain Handlebars')
INSERT [dbo].[ProductModel] ([ModelID], [Name]) VALUES (56, N'LL Road Handlebars')
INSERT [dbo].[ProductModel] ([ModelID], [Name]) VALUES (57, N'ML Road Handlebars')
INSERT [dbo].[ProductModel] ([ModelID], [Name]) VALUES (58, N'HL Road Handlebars')
INSERT [dbo].[ProductModel] ([ModelID], [Name]) VALUES (59, N'LL Headset')
INSERT [dbo].[ProductModel] ([ModelID], [Name]) VALUES (60, N'ML Headset')
INSERT [dbo].[ProductModel] ([ModelID], [Name]) VALUES (61, N'HL Headset')
INSERT [dbo].[ProductModel] ([ModelID], [Name]) VALUES (62, N'LL Mountain Pedal')
INSERT [dbo].[ProductModel] ([ModelID], [Name]) VALUES (63, N'ML Mountain Pedal')
INSERT [dbo].[ProductModel] ([ModelID], [Name]) VALUES (64, N'HL Mountain Pedal')
INSERT [dbo].[ProductModel] ([ModelID], [Name]) VALUES (65, N'ML Touring Seat/Saddle')
INSERT [dbo].[ProductModel] ([ModelID], [Name]) VALUES (66, N'LL Touring Seat/Saddle')
INSERT [dbo].[ProductModel] ([ModelID], [Name]) VALUES (67, N'HL Touring Seat/Saddle')
INSERT [dbo].[ProductModel] ([ModelID], [Name]) VALUES (68, N'LL Road Pedal')
INSERT [dbo].[ProductModel] ([ModelID], [Name]) VALUES (69, N'ML Road Pedal')
INSERT [dbo].[ProductModel] ([ModelID], [Name]) VALUES (70, N'HL Road Pedal')
INSERT [dbo].[ProductModel] ([ModelID], [Name]) VALUES (71, N'LL Mountain Seat/Saddle 1')
INSERT [dbo].[ProductModel] ([ModelID], [Name]) VALUES (72, N'ML Mountain Seat/Saddle 1')
INSERT [dbo].[ProductModel] ([ModelID], [Name]) VALUES (73, N'HL Mountain Seat/Saddle 1')
INSERT [dbo].[ProductModel] ([ModelID], [Name]) VALUES (74, N'LL Road Seat/Saddle 2')
INSERT [dbo].[ProductModel] ([ModelID], [Name]) VALUES (75, N'ML Road Seat/Saddle 1')
INSERT [dbo].[ProductModel] ([ModelID], [Name]) VALUES (76, N'HL Road Seat/Saddle 1')
INSERT [dbo].[ProductModel] ([ModelID], [Name]) VALUES (77, N'ML Road Rear Wheel')
INSERT [dbo].[ProductModel] ([ModelID], [Name]) VALUES (78, N'HL Road Rear Wheel')
INSERT [dbo].[ProductModel] ([ModelID], [Name]) VALUES (79, N'LL Mountain Seat/Saddle 2')
INSERT [dbo].[ProductModel] ([ModelID], [Name]) VALUES (80, N'ML Mountain Seat/Saddle 2')
INSERT [dbo].[ProductModel] ([ModelID], [Name]) VALUES (81, N'HL Mountain Seat/Saddle 2')
INSERT [dbo].[ProductModel] ([ModelID], [Name]) VALUES (82, N'LL Road Seat/Saddle 1')
INSERT [dbo].[ProductModel] ([ModelID], [Name]) VALUES (83, N'ML Road Seat/Saddle 2')
INSERT [dbo].[ProductModel] ([ModelID], [Name]) VALUES (84, N'HL Road Seat/Saddle 2')
INSERT [dbo].[ProductModel] ([ModelID], [Name]) VALUES (85, N'LL Mountain Tire')
INSERT [dbo].[ProductModel] ([ModelID], [Name]) VALUES (86, N'ML Mountain Tire')
INSERT [dbo].[ProductModel] ([ModelID], [Name]) VALUES (87, N'HL Mountain Tire')
INSERT [dbo].[ProductModel] ([ModelID], [Name]) VALUES (88, N'LL Road Tire')
INSERT [dbo].[ProductModel] ([ModelID], [Name]) VALUES (89, N'ML Road Tire')
INSERT [dbo].[ProductModel] ([ModelID], [Name]) VALUES (90, N'HL Road Tire')
INSERT [dbo].[ProductModel] ([ModelID], [Name]) VALUES (91, N'Touring Tire')
INSERT [dbo].[ProductModel] ([ModelID], [Name]) VALUES (92, N'Mountain Tire Tube')
INSERT [dbo].[ProductModel] ([ModelID], [Name]) VALUES (93, N'Road Tire Tube')
INSERT [dbo].[ProductModel] ([ModelID], [Name]) VALUES (94, N'Touring Tire Tube')
INSERT [dbo].[ProductModel] ([ModelID], [Name]) VALUES (95, N'LL Bottom Bracket')
INSERT [dbo].[ProductModel] ([ModelID], [Name]) VALUES (96, N'ML Bottom Bracket')
INSERT [dbo].[ProductModel] ([ModelID], [Name]) VALUES (97, N'HL Bottom Bracket')
INSERT [dbo].[ProductModel] ([ModelID], [Name]) VALUES (98, N'Chain')
INSERT [dbo].[ProductModel] ([ModelID], [Name]) VALUES (99, N'LL Crankset')
INSERT [dbo].[ProductModel] ([ModelID], [Name]) VALUES (100, N'ML Crankset')
GO
INSERT [dbo].[ProductModel] ([ModelID], [Name]) VALUES (101, N'HL Crankset')
INSERT [dbo].[ProductModel] ([ModelID], [Name]) VALUES (102, N'Front Brakes')
INSERT [dbo].[ProductModel] ([ModelID], [Name]) VALUES (103, N'Front Derailleur')
INSERT [dbo].[ProductModel] ([ModelID], [Name]) VALUES (104, N'LL Fork')
INSERT [dbo].[ProductModel] ([ModelID], [Name]) VALUES (105, N'ML Fork')
INSERT [dbo].[ProductModel] ([ModelID], [Name]) VALUES (106, N'HL Fork')
INSERT [dbo].[ProductModel] ([ModelID], [Name]) VALUES (107, N'Hydration Pack')
INSERT [dbo].[ProductModel] ([ModelID], [Name]) VALUES (108, N'Taillight')
INSERT [dbo].[ProductModel] ([ModelID], [Name]) VALUES (109, N'Headlights - Dual-Beam')
INSERT [dbo].[ProductModel] ([ModelID], [Name]) VALUES (110, N'Headlights - Weatherproof')
INSERT [dbo].[ProductModel] ([ModelID], [Name]) VALUES (111, N'Water Bottle')
INSERT [dbo].[ProductModel] ([ModelID], [Name]) VALUES (112, N'Mountain Bottle Cage')
INSERT [dbo].[ProductModel] ([ModelID], [Name]) VALUES (113, N'Road Bottle Cage')
INSERT [dbo].[ProductModel] ([ModelID], [Name]) VALUES (114, N'Patch kit')
INSERT [dbo].[ProductModel] ([ModelID], [Name]) VALUES (115, N'Cable Lock')
INSERT [dbo].[ProductModel] ([ModelID], [Name]) VALUES (116, N'Minipump')
INSERT [dbo].[ProductModel] ([ModelID], [Name]) VALUES (117, N'Mountain Pump')
INSERT [dbo].[ProductModel] ([ModelID], [Name]) VALUES (118, N'Hitch Rack - 4-Bike')
INSERT [dbo].[ProductModel] ([ModelID], [Name]) VALUES (119, N'Bike Wash')
INSERT [dbo].[ProductModel] ([ModelID], [Name]) VALUES (120, N'Touring-Panniers')
INSERT [dbo].[ProductModel] ([ModelID], [Name]) VALUES (121, N'Fender Set - Mountain')
INSERT [dbo].[ProductModel] ([ModelID], [Name]) VALUES (122, N'All-Purpose Bike Stand')
INSERT [dbo].[ProductModel] ([ModelID], [Name]) VALUES (123, N'LL Mountain Rear Wheel')
INSERT [dbo].[ProductModel] ([ModelID], [Name]) VALUES (124, N'ML Mountain Rear Wheel')
INSERT [dbo].[ProductModel] ([ModelID], [Name]) VALUES (125, N'HL Mountain Rear Wheel')
INSERT [dbo].[ProductModel] ([ModelID], [Name]) VALUES (126, N'LL Road Rear Wheel')
INSERT [dbo].[ProductModel] ([ModelID], [Name]) VALUES (127, N'Rear Derailleur')
INSERT [dbo].[ProductModel] ([ModelID], [Name]) VALUES (128, N'Rear Brakes')
GO
INSERT [dbo].[Product] ([ProductID], [Name], [Color], [Price], [SubcategoryID], [ModelID], [Discontinued]) VALUES (680, N'HL Road Frame - Black, 58', N'Black', 1431.5000, 14, 6, 1)
INSERT [dbo].[Product] ([ProductID], [Name], [Color], [Price], [SubcategoryID], [ModelID], [Discontinued]) VALUES (706, N'HL Road Frame - Red, 58', N'Red', 1431.5000, 14, 6, 1)
INSERT [dbo].[Product] ([ProductID], [Name], [Color], [Price], [SubcategoryID], [ModelID], [Discontinued]) VALUES (707, N'Sport-100 Helmet, Red', N'Red', 34.9900, 31, 33, 0)
INSERT [dbo].[Product] ([ProductID], [Name], [Color], [Price], [SubcategoryID], [ModelID], [Discontinued]) VALUES (708, N'Sport-100 Helmet, Black', N'Black', 34.9900, 31, 33, 0)
INSERT [dbo].[Product] ([ProductID], [Name], [Color], [Price], [SubcategoryID], [ModelID], [Discontinued]) VALUES (711, N'Sport-100 Helmet, Blue', N'Blue', 34.9900, 31, 33, 0)
INSERT [dbo].[Product] ([ProductID], [Name], [Color], [Price], [SubcategoryID], [ModelID], [Discontinued]) VALUES (717, N'HL Road Frame - Red, 62', N'Red', 431.5000, 14, 6, 0)
INSERT [dbo].[Product] ([ProductID], [Name], [Color], [Price], [SubcategoryID], [ModelID], [Discontinued]) VALUES (718, N'HL Road Frame - Red, 44', N'Red', 1431.5000, 14, 6, 0)
INSERT [dbo].[Product] ([ProductID], [Name], [Color], [Price], [SubcategoryID], [ModelID], [Discontinued]) VALUES (719, N'HL Road Frame - Red, 48', N'Red', 1431.5000, 14, 6, 0)
INSERT [dbo].[Product] ([ProductID], [Name], [Color], [Price], [SubcategoryID], [ModelID], [Discontinued]) VALUES (720, N'HL Road Frame - Red, 52', N'Red', 1431.5000, 14, 6, 0)
INSERT [dbo].[Product] ([ProductID], [Name], [Color], [Price], [SubcategoryID], [ModelID], [Discontinued]) VALUES (721, N'HL Road Frame - Red, 56', N'Red', 1431.5000, 14, 6, 0)
INSERT [dbo].[Product] ([ProductID], [Name], [Color], [Price], [SubcategoryID], [ModelID], [Discontinued]) VALUES (722, N'LL Road Frame - Black, 58', N'Black', 337.2200, 14, 9, 0)
INSERT [dbo].[Product] ([ProductID], [Name], [Color], [Price], [SubcategoryID], [ModelID], [Discontinued]) VALUES (723, N'LL Road Frame - Black, 60', N'Black', 337.2200, 14, 9, 0)
INSERT [dbo].[Product] ([ProductID], [Name], [Color], [Price], [SubcategoryID], [ModelID], [Discontinued]) VALUES (724, N'LL Road Frame - Black, 62', N'Black', 337.2200, 14, 9, 0)
INSERT [dbo].[Product] ([ProductID], [Name], [Color], [Price], [SubcategoryID], [ModelID], [Discontinued]) VALUES (725, N'LL Road Frame - Red, 44', N'Red', 337.2200, 14, 9, 0)
INSERT [dbo].[Product] ([ProductID], [Name], [Color], [Price], [SubcategoryID], [ModelID], [Discontinued]) VALUES (726, N'LL Road Frame - Red, 48', N'Red', 337.2200, 14, 9, 0)
INSERT [dbo].[Product] ([ProductID], [Name], [Color], [Price], [SubcategoryID], [ModelID], [Discontinued]) VALUES (727, N'LL Road Frame - Red, 52', N'Red', 337.2200, 14, 9, 0)
INSERT [dbo].[Product] ([ProductID], [Name], [Color], [Price], [SubcategoryID], [ModelID], [Discontinued]) VALUES (728, N'LL Road Frame - Red, 58', N'Red', 337.2200, 14, 9, 0)
INSERT [dbo].[Product] ([ProductID], [Name], [Color], [Price], [SubcategoryID], [ModelID], [Discontinued]) VALUES (729, N'LL Road Frame - Red, 60', N'Red', 337.2200, 14, 9, 0)
INSERT [dbo].[Product] ([ProductID], [Name], [Color], [Price], [SubcategoryID], [ModelID], [Discontinued]) VALUES (730, N'LL Road Frame - Red, 62', N'Red', 337.2200, 14, 9, 0)
INSERT [dbo].[Product] ([ProductID], [Name], [Color], [Price], [SubcategoryID], [ModelID], [Discontinued]) VALUES (731, N'ML Road Frame - Red, 44', N'Red', 594.8300, 14, 16, 0)
INSERT [dbo].[Product] ([ProductID], [Name], [Color], [Price], [SubcategoryID], [ModelID], [Discontinued]) VALUES (732, N'ML Road Frame - Red, 48', N'Red', 594.8300, 14, 16, 0)
INSERT [dbo].[Product] ([ProductID], [Name], [Color], [Price], [SubcategoryID], [ModelID], [Discontinued]) VALUES (733, N'ML Road Frame - Red, 52', N'Red', 594.8300, 14, 16, 0)
INSERT [dbo].[Product] ([ProductID], [Name], [Color], [Price], [SubcategoryID], [ModelID], [Discontinued]) VALUES (734, N'ML Road Frame - Red, 58', N'Red', 594.8300, 14, 16, 0)
INSERT [dbo].[Product] ([ProductID], [Name], [Color], [Price], [SubcategoryID], [ModelID], [Discontinued]) VALUES (735, N'ML Road Frame - Red, 60', N'Red', 594.8300, 14, 16, 0)
INSERT [dbo].[Product] ([ProductID], [Name], [Color], [Price], [SubcategoryID], [ModelID], [Discontinued]) VALUES (736, N'LL Road Frame - Black, 44', N'Black', 337.2200, 14, 9, 0)
INSERT [dbo].[Product] ([ProductID], [Name], [Color], [Price], [SubcategoryID], [ModelID], [Discontinued]) VALUES (737, N'LL Road Frame - Black, 48', N'Black', 337.2200, 14, 9, 0)
INSERT [dbo].[Product] ([ProductID], [Name], [Color], [Price], [SubcategoryID], [ModelID], [Discontinued]) VALUES (738, N'LL Road Frame - Black, 52', N'Black', 337.2200, 14, 9, 0)
INSERT [dbo].[Product] ([ProductID], [Name], [Color], [Price], [SubcategoryID], [ModelID], [Discontinued]) VALUES (739, N'HL Mountain Frame - Silver, 42', N'Silver', 1364.5000, 12, 5, 0)
INSERT [dbo].[Product] ([ProductID], [Name], [Color], [Price], [SubcategoryID], [ModelID], [Discontinued]) VALUES (740, N'HL Mountain Frame - Silver, 44', N'Silver', 1364.5000, 12, 5, 0)
INSERT [dbo].[Product] ([ProductID], [Name], [Color], [Price], [SubcategoryID], [ModelID], [Discontinued]) VALUES (741, N'HL Mountain Frame - Silver, 48', N'Silver', 1364.5000, 12, 5, 0)
INSERT [dbo].[Product] ([ProductID], [Name], [Color], [Price], [SubcategoryID], [ModelID], [Discontinued]) VALUES (742, N'HL Mountain Frame - Silver, 46', N'Silver', 1364.5000, 12, 5, 0)
INSERT [dbo].[Product] ([ProductID], [Name], [Color], [Price], [SubcategoryID], [ModelID], [Discontinued]) VALUES (743, N'HL Mountain Frame - Black, 42', N'Black', 1349.6000, 12, 5, 0)
INSERT [dbo].[Product] ([ProductID], [Name], [Color], [Price], [SubcategoryID], [ModelID], [Discontinued]) VALUES (744, N'HL Mountain Frame - Black, 44', N'Black', 1349.6000, 12, 5, 0)
INSERT [dbo].[Product] ([ProductID], [Name], [Color], [Price], [SubcategoryID], [ModelID], [Discontinued]) VALUES (745, N'HL Mountain Frame - Black, 48', N'Black', 1349.6000, 12, 5, 0)
INSERT [dbo].[Product] ([ProductID], [Name], [Color], [Price], [SubcategoryID], [ModelID], [Discontinued]) VALUES (746, N'HL Mountain Frame - Black, 46', N'Black', 1349.6000, 12, 5, 0)
INSERT [dbo].[Product] ([ProductID], [Name], [Color], [Price], [SubcategoryID], [ModelID], [Discontinued]) VALUES (747, N'HL Mountain Frame - Black, 38', N'Black', 1349.6000, 12, 5, 0)
INSERT [dbo].[Product] ([ProductID], [Name], [Color], [Price], [SubcategoryID], [ModelID], [Discontinued]) VALUES (748, N'HL Mountain Frame - Silver, 38', N'Silver', 1364.5000, 12, 5, 0)
INSERT [dbo].[Product] ([ProductID], [Name], [Color], [Price], [SubcategoryID], [ModelID], [Discontinued]) VALUES (749, N'Road-150 Red, 62', N'Red', 3578.2700, 2, 25, 0)
INSERT [dbo].[Product] ([ProductID], [Name], [Color], [Price], [SubcategoryID], [ModelID], [Discontinued]) VALUES (750, N'Road-150 Red, 44', N'Red', 3578.2700, 2, 25, 0)
INSERT [dbo].[Product] ([ProductID], [Name], [Color], [Price], [SubcategoryID], [ModelID], [Discontinued]) VALUES (751, N'Road-150 Red, 48', N'Red', 3578.2700, 2, 25, 0)
INSERT [dbo].[Product] ([ProductID], [Name], [Color], [Price], [SubcategoryID], [ModelID], [Discontinued]) VALUES (752, N'Road-150 Red, 52', N'Red', 3578.2700, 2, 25, 0)
INSERT [dbo].[Product] ([ProductID], [Name], [Color], [Price], [SubcategoryID], [ModelID], [Discontinued]) VALUES (753, N'Road-150 Red, 56', N'Red', 3578.2700, 2, 25, 0)
INSERT [dbo].[Product] ([ProductID], [Name], [Color], [Price], [SubcategoryID], [ModelID], [Discontinued]) VALUES (754, N'Road-450 Red, 58', N'Red', 1457.9900, 2, 28, 0)
INSERT [dbo].[Product] ([ProductID], [Name], [Color], [Price], [SubcategoryID], [ModelID], [Discontinued]) VALUES (755, N'Road-450 Red, 60', N'Red', 1457.9900, 2, 28, 0)
INSERT [dbo].[Product] ([ProductID], [Name], [Color], [Price], [SubcategoryID], [ModelID], [Discontinued]) VALUES (756, N'Road-450 Red, 44', N'Red', 1457.9900, 2, 28, 0)
INSERT [dbo].[Product] ([ProductID], [Name], [Color], [Price], [SubcategoryID], [ModelID], [Discontinued]) VALUES (757, N'Road-450 Red, 48', N'Red', 1457.9900, 2, 28, 0)
INSERT [dbo].[Product] ([ProductID], [Name], [Color], [Price], [SubcategoryID], [ModelID], [Discontinued]) VALUES (758, N'Road-450 Red, 52', N'Red', 1457.9900, 2, 28, 0)
INSERT [dbo].[Product] ([ProductID], [Name], [Color], [Price], [SubcategoryID], [ModelID], [Discontinued]) VALUES (759, N'Road-650 Red, 58', N'Red', 782.9900, 2, 30, 0)
INSERT [dbo].[Product] ([ProductID], [Name], [Color], [Price], [SubcategoryID], [ModelID], [Discontinued]) VALUES (760, N'Road-650 Red, 60', N'Red', 782.9900, 2, 30, 0)
INSERT [dbo].[Product] ([ProductID], [Name], [Color], [Price], [SubcategoryID], [ModelID], [Discontinued]) VALUES (761, N'Road-650 Red, 62', N'Red', 782.9900, 2, 30, 0)
INSERT [dbo].[Product] ([ProductID], [Name], [Color], [Price], [SubcategoryID], [ModelID], [Discontinued]) VALUES (762, N'Road-650 Red, 44', N'Red', 782.9900, 2, 30, 0)
INSERT [dbo].[Product] ([ProductID], [Name], [Color], [Price], [SubcategoryID], [ModelID], [Discontinued]) VALUES (763, N'Road-650 Red, 48', N'Red', 782.9900, 2, 30, 0)
INSERT [dbo].[Product] ([ProductID], [Name], [Color], [Price], [SubcategoryID], [ModelID], [Discontinued]) VALUES (764, N'Road-650 Red, 52', N'Red', 782.9900, 2, 30, 0)
INSERT [dbo].[Product] ([ProductID], [Name], [Color], [Price], [SubcategoryID], [ModelID], [Discontinued]) VALUES (765, N'Road-650 Black, 58', N'Black', 782.9900, 2, 30, 0)
INSERT [dbo].[Product] ([ProductID], [Name], [Color], [Price], [SubcategoryID], [ModelID], [Discontinued]) VALUES (766, N'Road-650 Black, 60', N'Black', 782.9900, 2, 30, 0)
INSERT [dbo].[Product] ([ProductID], [Name], [Color], [Price], [SubcategoryID], [ModelID], [Discontinued]) VALUES (767, N'Road-650 Black, 62', N'Black', 782.9900, 2, 30, 0)
INSERT [dbo].[Product] ([ProductID], [Name], [Color], [Price], [SubcategoryID], [ModelID], [Discontinued]) VALUES (768, N'Road-650 Black, 44', N'Black', 782.9900, 2, 30, 0)
INSERT [dbo].[Product] ([ProductID], [Name], [Color], [Price], [SubcategoryID], [ModelID], [Discontinued]) VALUES (769, N'Road-650 Black, 48', N'Black', 782.9900, 2, 30, 0)
INSERT [dbo].[Product] ([ProductID], [Name], [Color], [Price], [SubcategoryID], [ModelID], [Discontinued]) VALUES (770, N'Road-650 Black, 52', N'Black', 782.9900, 2, 30, 0)
INSERT [dbo].[Product] ([ProductID], [Name], [Color], [Price], [SubcategoryID], [ModelID], [Discontinued]) VALUES (771, N'Mountain-100 Silver, 38', N'Silver', 3399.9900, 1, 19, 0)
INSERT [dbo].[Product] ([ProductID], [Name], [Color], [Price], [SubcategoryID], [ModelID], [Discontinued]) VALUES (772, N'Mountain-100 Silver, 42', N'Silver', 3399.9900, 1, 19, 0)
INSERT [dbo].[Product] ([ProductID], [Name], [Color], [Price], [SubcategoryID], [ModelID], [Discontinued]) VALUES (773, N'Mountain-100 Silver, 44', N'Silver', 3399.9900, 1, 19, 0)
INSERT [dbo].[Product] ([ProductID], [Name], [Color], [Price], [SubcategoryID], [ModelID], [Discontinued]) VALUES (774, N'Mountain-100 Silver, 48', N'Silver', 3399.9900, 1, 19, 0)
INSERT [dbo].[Product] ([ProductID], [Name], [Color], [Price], [SubcategoryID], [ModelID], [Discontinued]) VALUES (775, N'Mountain-100 Black, 38', N'Black', 3374.9900, 1, 19, 0)
INSERT [dbo].[Product] ([ProductID], [Name], [Color], [Price], [SubcategoryID], [ModelID], [Discontinued]) VALUES (776, N'Mountain-100 Black, 42', N'Black', 3374.9900, 1, 19, 0)
INSERT [dbo].[Product] ([ProductID], [Name], [Color], [Price], [SubcategoryID], [ModelID], [Discontinued]) VALUES (777, N'Mountain-100 Black, 44', N'Black', 3374.9900, 1, 19, 0)
INSERT [dbo].[Product] ([ProductID], [Name], [Color], [Price], [SubcategoryID], [ModelID], [Discontinued]) VALUES (778, N'Mountain-100 Black, 48', N'Black', 3374.9900, 1, 19, 0)
INSERT [dbo].[Product] ([ProductID], [Name], [Color], [Price], [SubcategoryID], [ModelID], [Discontinued]) VALUES (779, N'Mountain-200 Silver, 38', N'Silver', 2319.9900, 1, 20, 0)
INSERT [dbo].[Product] ([ProductID], [Name], [Color], [Price], [SubcategoryID], [ModelID], [Discontinued]) VALUES (780, N'Mountain-200 Silver, 42', N'Silver', 2319.9900, 1, 20, 0)
INSERT [dbo].[Product] ([ProductID], [Name], [Color], [Price], [SubcategoryID], [ModelID], [Discontinued]) VALUES (781, N'Mountain-200 Silver, 46', N'Silver', 2319.9900, 1, 20, 0)
INSERT [dbo].[Product] ([ProductID], [Name], [Color], [Price], [SubcategoryID], [ModelID], [Discontinued]) VALUES (782, N'Mountain-200 Black, 38', N'Black', 2294.9900, 1, 20, 0)
INSERT [dbo].[Product] ([ProductID], [Name], [Color], [Price], [SubcategoryID], [ModelID], [Discontinued]) VALUES (783, N'Mountain-200 Black, 42', N'Black', 2294.9900, 1, 20, 0)
INSERT [dbo].[Product] ([ProductID], [Name], [Color], [Price], [SubcategoryID], [ModelID], [Discontinued]) VALUES (784, N'Mountain-200 Black, 46', N'Black', 2294.9900, 1, 20, 0)
INSERT [dbo].[Product] ([ProductID], [Name], [Color], [Price], [SubcategoryID], [ModelID], [Discontinued]) VALUES (785, N'Mountain-300 Black, 38', N'Black', 1079.9900, 1, 21, 0)
INSERT [dbo].[Product] ([ProductID], [Name], [Color], [Price], [SubcategoryID], [ModelID], [Discontinued]) VALUES (786, N'Mountain-300 Black, 40', N'Black', 1079.9900, 1, 21, 0)
INSERT [dbo].[Product] ([ProductID], [Name], [Color], [Price], [SubcategoryID], [ModelID], [Discontinued]) VALUES (787, N'Mountain-300 Black, 44', N'Black', 1079.9900, 1, 21, 0)
INSERT [dbo].[Product] ([ProductID], [Name], [Color], [Price], [SubcategoryID], [ModelID], [Discontinued]) VALUES (788, N'Mountain-300 Black, 48', N'Black', 1079.9900, 1, 21, 0)
INSERT [dbo].[Product] ([ProductID], [Name], [Color], [Price], [SubcategoryID], [ModelID], [Discontinued]) VALUES (789, N'Road-250 Red, 44', N'Red', 2443.3500, 2, 26, 0)
INSERT [dbo].[Product] ([ProductID], [Name], [Color], [Price], [SubcategoryID], [ModelID], [Discontinued]) VALUES (790, N'Road-250 Red, 48', N'Red', 2443.3500, 2, 26, 0)
INSERT [dbo].[Product] ([ProductID], [Name], [Color], [Price], [SubcategoryID], [ModelID], [Discontinued]) VALUES (791, N'Road-250 Red, 52', N'Red', 2443.3500, 2, 26, 0)
INSERT [dbo].[Product] ([ProductID], [Name], [Color], [Price], [SubcategoryID], [ModelID], [Discontinued]) VALUES (792, N'Road-250 Red, 58', N'Red', 2443.3500, 2, 26, 0)
INSERT [dbo].[Product] ([ProductID], [Name], [Color], [Price], [SubcategoryID], [ModelID], [Discontinued]) VALUES (793, N'Road-250 Black, 44', N'Black', 2443.3500, 2, 26, 0)
INSERT [dbo].[Product] ([ProductID], [Name], [Color], [Price], [SubcategoryID], [ModelID], [Discontinued]) VALUES (794, N'Road-250 Black, 48', N'Black', 2443.3500, 2, 26, 0)
INSERT [dbo].[Product] ([ProductID], [Name], [Color], [Price], [SubcategoryID], [ModelID], [Discontinued]) VALUES (795, N'Road-250 Black, 52', N'Black', 2443.3500, 2, 26, 0)
INSERT [dbo].[Product] ([ProductID], [Name], [Color], [Price], [SubcategoryID], [ModelID], [Discontinued]) VALUES (796, N'Road-250 Black, 58', N'Black', 2443.3500, 2, 26, 0)
INSERT [dbo].[Product] ([ProductID], [Name], [Color], [Price], [SubcategoryID], [ModelID], [Discontinued]) VALUES (797, N'Road-550-W Yellow, 38', N'Yellow', 1120.4900, 2, 29, 0)
INSERT [dbo].[Product] ([ProductID], [Name], [Color], [Price], [SubcategoryID], [ModelID], [Discontinued]) VALUES (798, N'Road-550-W Yellow, 40', N'Yellow', 1120.4900, 2, 29, 0)
INSERT [dbo].[Product] ([ProductID], [Name], [Color], [Price], [SubcategoryID], [ModelID], [Discontinued]) VALUES (799, N'Road-550-W Yellow, 42', N'Yellow', 1120.4900, 2, 29, 0)
INSERT [dbo].[Product] ([ProductID], [Name], [Color], [Price], [SubcategoryID], [ModelID], [Discontinued]) VALUES (800, N'Road-550-W Yellow, 44', N'Yellow', 1120.4900, 2, 29, 0)
INSERT [dbo].[Product] ([ProductID], [Name], [Color], [Price], [SubcategoryID], [ModelID], [Discontinued]) VALUES (801, N'Road-550-W Yellow, 48', N'Yellow', 1120.4900, 2, 29, 0)
INSERT [dbo].[Product] ([ProductID], [Name], [Color], [Price], [SubcategoryID], [ModelID], [Discontinued]) VALUES (814, N'ML Mountain Frame - Black, 38', N'Black', 348.7600, 12, 15, 0)
INSERT [dbo].[Product] ([ProductID], [Name], [Color], [Price], [SubcategoryID], [ModelID], [Discontinued]) VALUES (815, N'LL Mountain Front Wheel', N'Black', 60.7450, 17, 42, 0)
INSERT [dbo].[Product] ([ProductID], [Name], [Color], [Price], [SubcategoryID], [ModelID], [Discontinued]) VALUES (816, N'ML Mountain Front Wheel', N'Black', 209.0250, 17, 45, 0)
INSERT [dbo].[Product] ([ProductID], [Name], [Color], [Price], [SubcategoryID], [ModelID], [Discontinued]) VALUES (817, N'HL Mountain Front Wheel', N'Black', 300.2150, 17, 46, 0)
INSERT [dbo].[Product] ([ProductID], [Name], [Color], [Price], [SubcategoryID], [ModelID], [Discontinued]) VALUES (818, N'LL Road Front Wheel', N'Black', 85.5650, 17, 49, 0)
GO
INSERT [dbo].[Product] ([ProductID], [Name], [Color], [Price], [SubcategoryID], [ModelID], [Discontinued]) VALUES (819, N'ML Road Front Wheel', N'Black', 248.3850, 17, 50, 0)
INSERT [dbo].[Product] ([ProductID], [Name], [Color], [Price], [SubcategoryID], [ModelID], [Discontinued]) VALUES (820, N'HL Road Front Wheel', N'Black', 330.0600, 17, 51, 0)
INSERT [dbo].[Product] ([ProductID], [Name], [Color], [Price], [SubcategoryID], [ModelID], [Discontinued]) VALUES (821, N'Touring Front Wheel', N'Black', 218.0100, 17, 44, 0)
INSERT [dbo].[Product] ([ProductID], [Name], [Color], [Price], [SubcategoryID], [ModelID], [Discontinued]) VALUES (822, N'ML Road Frame-W - Yellow, 38', N'Yellow', 594.8300, 14, 17, 0)
INSERT [dbo].[Product] ([ProductID], [Name], [Color], [Price], [SubcategoryID], [ModelID], [Discontinued]) VALUES (823, N'LL Mountain Rear Wheel', N'Black', 87.7450, 17, 123, 0)
INSERT [dbo].[Product] ([ProductID], [Name], [Color], [Price], [SubcategoryID], [ModelID], [Discontinued]) VALUES (824, N'ML Mountain Rear Wheel', N'Black', 236.0250, 17, 124, 0)
INSERT [dbo].[Product] ([ProductID], [Name], [Color], [Price], [SubcategoryID], [ModelID], [Discontinued]) VALUES (825, N'HL Mountain Rear Wheel', N'Black', 327.2150, 17, 125, 0)
INSERT [dbo].[Product] ([ProductID], [Name], [Color], [Price], [SubcategoryID], [ModelID], [Discontinued]) VALUES (826, N'LL Road Rear Wheel', N'Black', 112.5650, 17, 126, 0)
INSERT [dbo].[Product] ([ProductID], [Name], [Color], [Price], [SubcategoryID], [ModelID], [Discontinued]) VALUES (827, N'ML Road Rear Wheel', N'Black', 275.3850, 17, 77, 0)
INSERT [dbo].[Product] ([ProductID], [Name], [Color], [Price], [SubcategoryID], [ModelID], [Discontinued]) VALUES (828, N'HL Road Rear Wheel', N'Black', 357.0600, 17, 78, 0)
INSERT [dbo].[Product] ([ProductID], [Name], [Color], [Price], [SubcategoryID], [ModelID], [Discontinued]) VALUES (829, N'Touring Rear Wheel', N'Black', 245.0100, 17, 43, 0)
INSERT [dbo].[Product] ([ProductID], [Name], [Color], [Price], [SubcategoryID], [ModelID], [Discontinued]) VALUES (830, N'ML Mountain Frame - Black, 40', N'Black', 348.7600, 12, 14, 0)
INSERT [dbo].[Product] ([ProductID], [Name], [Color], [Price], [SubcategoryID], [ModelID], [Discontinued]) VALUES (831, N'ML Mountain Frame - Black, 44', N'Black', 348.7600, 12, 14, 0)
INSERT [dbo].[Product] ([ProductID], [Name], [Color], [Price], [SubcategoryID], [ModelID], [Discontinued]) VALUES (832, N'ML Mountain Frame - Black, 48', N'Black', 348.7600, 12, 14, 0)
INSERT [dbo].[Product] ([ProductID], [Name], [Color], [Price], [SubcategoryID], [ModelID], [Discontinued]) VALUES (833, N'ML Road Frame-W - Yellow, 40', N'Yellow', 594.8300, 14, 17, 0)
INSERT [dbo].[Product] ([ProductID], [Name], [Color], [Price], [SubcategoryID], [ModelID], [Discontinued]) VALUES (834, N'ML Road Frame-W - Yellow, 42', N'Yellow', 594.8300, 14, 17, 0)
INSERT [dbo].[Product] ([ProductID], [Name], [Color], [Price], [SubcategoryID], [ModelID], [Discontinued]) VALUES (835, N'ML Road Frame-W - Yellow, 44', N'Yellow', 594.8300, 14, 17, 0)
INSERT [dbo].[Product] ([ProductID], [Name], [Color], [Price], [SubcategoryID], [ModelID], [Discontinued]) VALUES (836, N'ML Road Frame-W - Yellow, 48', N'Yellow', 594.8300, 14, 17, 0)
INSERT [dbo].[Product] ([ProductID], [Name], [Color], [Price], [SubcategoryID], [ModelID], [Discontinued]) VALUES (837, N'HL Road Frame - Black, 62', N'Black', 1431.5000, 14, 6, 0)
INSERT [dbo].[Product] ([ProductID], [Name], [Color], [Price], [SubcategoryID], [ModelID], [Discontinued]) VALUES (838, N'HL Road Frame - Black, 44', N'Black', 1431.5000, 14, 6, 0)
INSERT [dbo].[Product] ([ProductID], [Name], [Color], [Price], [SubcategoryID], [ModelID], [Discontinued]) VALUES (839, N'HL Road Frame - Black, 48', N'Black', 1431.5000, 14, 6, 0)
INSERT [dbo].[Product] ([ProductID], [Name], [Color], [Price], [SubcategoryID], [ModelID], [Discontinued]) VALUES (840, N'HL Road Frame - Black, 52', N'Black', 1431.5000, 14, 6, 0)
INSERT [dbo].[Product] ([ProductID], [Name], [Color], [Price], [SubcategoryID], [ModelID], [Discontinued]) VALUES (842, N'Touring-Panniers, Large', N'Grey', 125.0000, 35, 120, 0)
INSERT [dbo].[Product] ([ProductID], [Name], [Color], [Price], [SubcategoryID], [ModelID], [Discontinued]) VALUES (880, N'Hydration Pack - 70 oz.', N'Silver', 54.9900, 32, 107, 0)
INSERT [dbo].[Product] ([ProductID], [Name], [Color], [Price], [SubcategoryID], [ModelID], [Discontinued]) VALUES (885, N'HL Touring Frame - Yellow, 60', N'Yellow', 1003.9100, 16, 7, 0)
INSERT [dbo].[Product] ([ProductID], [Name], [Color], [Price], [SubcategoryID], [ModelID], [Discontinued]) VALUES (886, N'LL Touring Frame - Yellow, 62', N'Yellow', 333.4200, 16, 10, 0)
INSERT [dbo].[Product] ([ProductID], [Name], [Color], [Price], [SubcategoryID], [ModelID], [Discontinued]) VALUES (887, N'HL Touring Frame - Yellow, 46', N'Yellow', 1003.9100, 16, 7, 0)
INSERT [dbo].[Product] ([ProductID], [Name], [Color], [Price], [SubcategoryID], [ModelID], [Discontinued]) VALUES (888, N'HL Touring Frame - Yellow, 50', N'Yellow', 1003.9100, 16, 7, 0)
INSERT [dbo].[Product] ([ProductID], [Name], [Color], [Price], [SubcategoryID], [ModelID], [Discontinued]) VALUES (889, N'HL Touring Frame - Yellow, 54', N'Yellow', 1003.9100, 16, 7, 0)
INSERT [dbo].[Product] ([ProductID], [Name], [Color], [Price], [SubcategoryID], [ModelID], [Discontinued]) VALUES (890, N'HL Touring Frame - Blue, 46', N'Blue', 1003.9100, 16, 7, 0)
INSERT [dbo].[Product] ([ProductID], [Name], [Color], [Price], [SubcategoryID], [ModelID], [Discontinued]) VALUES (891, N'HL Touring Frame - Blue, 50', N'Blue', 1003.9100, 16, 7, 0)
INSERT [dbo].[Product] ([ProductID], [Name], [Color], [Price], [SubcategoryID], [ModelID], [Discontinued]) VALUES (892, N'HL Touring Frame - Blue, 54', N'Blue', 1003.9100, 16, 7, 0)
INSERT [dbo].[Product] ([ProductID], [Name], [Color], [Price], [SubcategoryID], [ModelID], [Discontinued]) VALUES (893, N'HL Touring Frame - Blue, 60', N'Blue', 1003.9100, 16, 7, 0)
INSERT [dbo].[Product] ([ProductID], [Name], [Color], [Price], [SubcategoryID], [ModelID], [Discontinued]) VALUES (894, N'Rear Derailleur', N'Silver', 121.4600, 9, 127, 0)
INSERT [dbo].[Product] ([ProductID], [Name], [Color], [Price], [SubcategoryID], [ModelID], [Discontinued]) VALUES (907, N'Rear Brakes', N'Silver', 106.5000, 6, 128, 0)
INSERT [dbo].[Product] ([ProductID], [Name], [Color], [Price], [SubcategoryID], [ModelID], [Discontinued]) VALUES (935, N'LL Mountain Pedal', N'Silver/Black', 40.4900, 13, 62, 0)
INSERT [dbo].[Product] ([ProductID], [Name], [Color], [Price], [SubcategoryID], [ModelID], [Discontinued]) VALUES (936, N'ML Mountain Pedal', N'Silver/Black', 62.0900, 13, 63, 0)
INSERT [dbo].[Product] ([ProductID], [Name], [Color], [Price], [SubcategoryID], [ModelID], [Discontinued]) VALUES (937, N'HL Mountain Pedal', N'Silver/Black', 80.9900, 13, 64, 0)
INSERT [dbo].[Product] ([ProductID], [Name], [Color], [Price], [SubcategoryID], [ModelID], [Discontinued]) VALUES (938, N'LL Road Pedal', N'Silver/Black', 40.4900, 13, 68, 0)
INSERT [dbo].[Product] ([ProductID], [Name], [Color], [Price], [SubcategoryID], [ModelID], [Discontinued]) VALUES (939, N'ML Road Pedal', N'Silver/Black', 62.0900, 13, 69, 0)
INSERT [dbo].[Product] ([ProductID], [Name], [Color], [Price], [SubcategoryID], [ModelID], [Discontinued]) VALUES (940, N'HL Road Pedal', N'Silver/Black', 80.9900, 13, 70, 0)
INSERT [dbo].[Product] ([ProductID], [Name], [Color], [Price], [SubcategoryID], [ModelID], [Discontinued]) VALUES (941, N'Touring Pedal', N'Silver/Black', 80.9900, 13, 53, 0)
INSERT [dbo].[Product] ([ProductID], [Name], [Color], [Price], [SubcategoryID], [ModelID], [Discontinued]) VALUES (942, N'ML Mountain Frame-W - Silver, 38', N'Silver', 364.0900, 12, 15, 0)
INSERT [dbo].[Product] ([ProductID], [Name], [Color], [Price], [SubcategoryID], [ModelID], [Discontinued]) VALUES (943, N'LL Mountain Frame - Black, 40', N'Black', 249.7900, 12, 8, 0)
INSERT [dbo].[Product] ([ProductID], [Name], [Color], [Price], [SubcategoryID], [ModelID], [Discontinued]) VALUES (944, N'LL Mountain Frame - Silver, 40', N'Silver', 264.0500, 12, 8, 0)
INSERT [dbo].[Product] ([ProductID], [Name], [Color], [Price], [SubcategoryID], [ModelID], [Discontinued]) VALUES (945, N'Front Derailleur', N'Silver', 91.4900, 9, 103, 0)
INSERT [dbo].[Product] ([ProductID], [Name], [Color], [Price], [SubcategoryID], [ModelID], [Discontinued]) VALUES (948, N'Front Brakes', N'Silver', 106.5000, 6, 102, 0)
INSERT [dbo].[Product] ([ProductID], [Name], [Color], [Price], [SubcategoryID], [ModelID], [Discontinued]) VALUES (949, N'LL Crankset', N'Black', 175.4900, 8, 99, 0)
INSERT [dbo].[Product] ([ProductID], [Name], [Color], [Price], [SubcategoryID], [ModelID], [Discontinued]) VALUES (950, N'ML Crankset', N'Black', 256.4900, 8, 100, 0)
INSERT [dbo].[Product] ([ProductID], [Name], [Color], [Price], [SubcategoryID], [ModelID], [Discontinued]) VALUES (951, N'HL Crankset', N'Black', 404.9900, 8, 101, 0)
INSERT [dbo].[Product] ([ProductID], [Name], [Color], [Price], [SubcategoryID], [ModelID], [Discontinued]) VALUES (952, N'Chain', N'Silver', 20.2400, 7, 98, 0)
INSERT [dbo].[Product] ([ProductID], [Name], [Color], [Price], [SubcategoryID], [ModelID], [Discontinued]) VALUES (953, N'Touring-2000 Blue, 60', N'Blue', 1214.8500, 3, 35, 0)
INSERT [dbo].[Product] ([ProductID], [Name], [Color], [Price], [SubcategoryID], [ModelID], [Discontinued]) VALUES (954, N'Touring-1000 Yellow, 46', N'Yellow', 2384.0700, 3, 34, 0)
INSERT [dbo].[Product] ([ProductID], [Name], [Color], [Price], [SubcategoryID], [ModelID], [Discontinued]) VALUES (955, N'Touring-1000 Yellow, 50', N'Yellow', 2384.0700, 3, 34, 0)
INSERT [dbo].[Product] ([ProductID], [Name], [Color], [Price], [SubcategoryID], [ModelID], [Discontinued]) VALUES (956, N'Touring-1000 Yellow, 54', N'Yellow', 2384.0700, 3, 34, 0)
INSERT [dbo].[Product] ([ProductID], [Name], [Color], [Price], [SubcategoryID], [ModelID], [Discontinued]) VALUES (957, N'Touring-1000 Yellow, 60', N'Yellow', 2384.0700, 3, 34, 0)
INSERT [dbo].[Product] ([ProductID], [Name], [Color], [Price], [SubcategoryID], [ModelID], [Discontinued]) VALUES (958, N'Touring-3000 Blue, 54', N'Blue', 742.3500, 3, 36, 0)
INSERT [dbo].[Product] ([ProductID], [Name], [Color], [Price], [SubcategoryID], [ModelID], [Discontinued]) VALUES (959, N'Touring-3000 Blue, 58', N'Blue', 742.3500, 3, 36, 0)
INSERT [dbo].[Product] ([ProductID], [Name], [Color], [Price], [SubcategoryID], [ModelID], [Discontinued]) VALUES (960, N'Touring-3000 Blue, 62', N'Blue', 742.3500, 3, 36, 0)
INSERT [dbo].[Product] ([ProductID], [Name], [Color], [Price], [SubcategoryID], [ModelID], [Discontinued]) VALUES (961, N'Touring-3000 Yellow, 44', N'Yellow', 742.3500, 3, 36, 0)
INSERT [dbo].[Product] ([ProductID], [Name], [Color], [Price], [SubcategoryID], [ModelID], [Discontinued]) VALUES (962, N'Touring-3000 Yellow, 50', N'Yellow', 742.3500, 3, 36, 0)
INSERT [dbo].[Product] ([ProductID], [Name], [Color], [Price], [SubcategoryID], [ModelID], [Discontinued]) VALUES (963, N'Touring-3000 Yellow, 54', N'Yellow', 742.3500, 3, 36, 0)
INSERT [dbo].[Product] ([ProductID], [Name], [Color], [Price], [SubcategoryID], [ModelID], [Discontinued]) VALUES (964, N'Touring-3000 Yellow, 58', N'Yellow', 742.3500, 3, 36, 0)
INSERT [dbo].[Product] ([ProductID], [Name], [Color], [Price], [SubcategoryID], [ModelID], [Discontinued]) VALUES (965, N'Touring-3000 Yellow, 62', N'Yellow', 742.3500, 3, 36, 0)
INSERT [dbo].[Product] ([ProductID], [Name], [Color], [Price], [SubcategoryID], [ModelID], [Discontinued]) VALUES (966, N'Touring-1000 Blue, 46', N'Blue', 2384.0700, 3, 34, 0)
INSERT [dbo].[Product] ([ProductID], [Name], [Color], [Price], [SubcategoryID], [ModelID], [Discontinued]) VALUES (967, N'Touring-1000 Blue, 50', N'Blue', 2384.0700, 3, 34, 0)
INSERT [dbo].[Product] ([ProductID], [Name], [Color], [Price], [SubcategoryID], [ModelID], [Discontinued]) VALUES (968, N'Touring-1000 Blue, 54', N'Blue', 2384.0700, 3, 34, 0)
INSERT [dbo].[Product] ([ProductID], [Name], [Color], [Price], [SubcategoryID], [ModelID], [Discontinued]) VALUES (969, N'Touring-1000 Blue, 60', N'Blue', 2384.0700, 3, 34, 0)
INSERT [dbo].[Product] ([ProductID], [Name], [Color], [Price], [SubcategoryID], [ModelID], [Discontinued]) VALUES (970, N'Touring-2000 Blue, 46', N'Blue', 1214.8500, 3, 35, 0)
INSERT [dbo].[Product] ([ProductID], [Name], [Color], [Price], [SubcategoryID], [ModelID], [Discontinued]) VALUES (971, N'Touring-2000 Blue, 50', N'Blue', 1214.8500, 3, 35, 0)
INSERT [dbo].[Product] ([ProductID], [Name], [Color], [Price], [SubcategoryID], [ModelID], [Discontinued]) VALUES (972, N'Touring-2000 Blue, 54', N'Blue', 1214.8500, 3, 35, 0)
INSERT [dbo].[Product] ([ProductID], [Name], [Color], [Price], [SubcategoryID], [ModelID], [Discontinued]) VALUES (973, N'Road-350-W Yellow, 40', N'Yellow', 1700.9900, 2, 27, 0)
INSERT [dbo].[Product] ([ProductID], [Name], [Color], [Price], [SubcategoryID], [ModelID], [Discontinued]) VALUES (974, N'Road-350-W Yellow, 42', N'Yellow', 1700.9900, 2, 27, 0)
INSERT [dbo].[Product] ([ProductID], [Name], [Color], [Price], [SubcategoryID], [ModelID], [Discontinued]) VALUES (975, N'Road-350-W Yellow, 44', N'Yellow', 1700.9900, 2, 27, 0)
INSERT [dbo].[Product] ([ProductID], [Name], [Color], [Price], [SubcategoryID], [ModelID], [Discontinued]) VALUES (976, N'Road-350-W Yellow, 48', N'Yellow', 1700.9900, 2, 27, 0)
INSERT [dbo].[Product] ([ProductID], [Name], [Color], [Price], [SubcategoryID], [ModelID], [Discontinued]) VALUES (977, N'Road-750 Black, 58', N'Black', 539.9900, 2, 31, 0)
INSERT [dbo].[Product] ([ProductID], [Name], [Color], [Price], [SubcategoryID], [ModelID], [Discontinued]) VALUES (978, N'Touring-3000 Blue, 44', N'Blue', 742.3500, 3, 36, 0)
INSERT [dbo].[Product] ([ProductID], [Name], [Color], [Price], [SubcategoryID], [ModelID], [Discontinued]) VALUES (979, N'Touring-3000 Blue, 50', N'Blue', 742.3500, 3, 36, 0)
INSERT [dbo].[Product] ([ProductID], [Name], [Color], [Price], [SubcategoryID], [ModelID], [Discontinued]) VALUES (980, N'Mountain-400-W Silver, 38', N'Silver', 769.4900, 1, 22, 0)
INSERT [dbo].[Product] ([ProductID], [Name], [Color], [Price], [SubcategoryID], [ModelID], [Discontinued]) VALUES (981, N'Mountain-400-W Silver, 40', N'Silver', 769.4900, 1, 22, 0)
INSERT [dbo].[Product] ([ProductID], [Name], [Color], [Price], [SubcategoryID], [ModelID], [Discontinued]) VALUES (982, N'Mountain-400-W Silver, 42', N'Silver', 769.4900, 1, 22, 0)
INSERT [dbo].[Product] ([ProductID], [Name], [Color], [Price], [SubcategoryID], [ModelID], [Discontinued]) VALUES (983, N'Mountain-400-W Silver, 46', N'Silver', 769.4900, 1, 22, 0)
INSERT [dbo].[Product] ([ProductID], [Name], [Color], [Price], [SubcategoryID], [ModelID], [Discontinued]) VALUES (984, N'Mountain-500 Silver, 40', N'Silver', 564.9900, 1, 23, 0)
INSERT [dbo].[Product] ([ProductID], [Name], [Color], [Price], [SubcategoryID], [ModelID], [Discontinued]) VALUES (985, N'Mountain-500 Silver, 42', N'Silver', 564.9900, 1, 23, 0)
INSERT [dbo].[Product] ([ProductID], [Name], [Color], [Price], [SubcategoryID], [ModelID], [Discontinued]) VALUES (986, N'Mountain-500 Silver, 44', N'Silver', 564.9900, 1, 23, 0)
INSERT [dbo].[Product] ([ProductID], [Name], [Color], [Price], [SubcategoryID], [ModelID], [Discontinued]) VALUES (987, N'Mountain-500 Silver, 48', N'Silver', 564.9900, 1, 23, 0)
INSERT [dbo].[Product] ([ProductID], [Name], [Color], [Price], [SubcategoryID], [ModelID], [Discontinued]) VALUES (988, N'Mountain-500 Silver, 52', N'Silver', 564.9900, 1, 23, 0)
INSERT [dbo].[Product] ([ProductID], [Name], [Color], [Price], [SubcategoryID], [ModelID], [Discontinued]) VALUES (989, N'Mountain-500 Black, 40', N'Black', 539.9900, 1, 23, 0)
INSERT [dbo].[Product] ([ProductID], [Name], [Color], [Price], [SubcategoryID], [ModelID], [Discontinued]) VALUES (990, N'Mountain-500 Black, 42', N'Black', 539.9900, 1, 23, 0)
INSERT [dbo].[Product] ([ProductID], [Name], [Color], [Price], [SubcategoryID], [ModelID], [Discontinued]) VALUES (991, N'Mountain-500 Black, 44', N'Black', 539.9900, 1, 23, 0)
INSERT [dbo].[Product] ([ProductID], [Name], [Color], [Price], [SubcategoryID], [ModelID], [Discontinued]) VALUES (992, N'Mountain-500 Black, 48', N'Black', 539.9900, 1, 23, 0)
INSERT [dbo].[Product] ([ProductID], [Name], [Color], [Price], [SubcategoryID], [ModelID], [Discontinued]) VALUES (993, N'Mountain-500 Black, 52', N'Black', 539.9900, 1, 23, 0)
INSERT [dbo].[Product] ([ProductID], [Name], [Color], [Price], [SubcategoryID], [ModelID], [Discontinued]) VALUES (997, N'Road-750 Black, 44', N'Black', 539.9900, 2, 31, 0)
INSERT [dbo].[Product] ([ProductID], [Name], [Color], [Price], [SubcategoryID], [ModelID], [Discontinued]) VALUES (998, N'Road-750 Black, 48', N'Black', 539.9900, 2, 31, 0)
INSERT [dbo].[Product] ([ProductID], [Name], [Color], [Price], [SubcategoryID], [ModelID], [Discontinued]) VALUES (999, N'Road-750 Black, 52', N'Black', 539.9900, 2, 31, 0)
GO
INSERT [dbo].[Warehouse] ([LocationID], [Name], [Address]) VALUES (1, N'Long Biên', N'129 Thạch Bàn Phường Thạch Bàn,Quận Long Biên,TP Hà Nội')
INSERT [dbo].[Warehouse] ([LocationID], [Name], [Address]) VALUES (5, N'Ngô Quyền (Lê Lai)', N'Kho 17A - Tổng kho 3 Lạc Viên-số 142 Lê Lai, Quận Ngô Quyên, TP Hải Phòng')
INSERT [dbo].[Warehouse] ([LocationID], [Name], [Address]) VALUES (6, N'Hà Nội', N'Kho E4, số 838 đường Bạch Đằng, phường Thanh Lương, quận Hai Bà Trưng, Hà Nội')
INSERT [dbo].[Warehouse] ([LocationID], [Name], [Address]) VALUES (7, N'U&I Logistics', N'Ðường D6, KCN Nam Tân Uyên, TX Tân Uyên, Bình Dương')
INSERT [dbo].[Warehouse] ([LocationID], [Name], [Address]) VALUES (10, N'Bình Dương', N'Lô C2, Đường 17-18, KCN Sóng Thần 2, TP Dĩ An, Tỉnh Bình Dương')
INSERT [dbo].[Warehouse] ([LocationID], [Name], [Address]) VALUES (20, N'Bắc Giang', N'Lô 07/ CL79 - KĐT Đình Trám - Sen Hồ, Việt Yên, Bắc Giang.')
INSERT [dbo].[Warehouse] ([LocationID], [Name], [Address]) VALUES (30, N'Bắc Ninh', N'Kho schenker, khu Công nghiệp Vi Ship , Từ Sơn, Bắc Ninh')
INSERT [dbo].[Warehouse] ([LocationID], [Name], [Address]) VALUES (40, N'Ngọc Châu', N'Đại Lộ Trần Hưng Đạo, Phường Ngọc Châu, Thành phố Hải Dương')
INSERT [dbo].[Warehouse] ([LocationID], [Name], [Address]) VALUES (45, N'Bến Thủy', N'Số 3, đường Phong Đình Cảng, Phường Bến Thủy, Tp.Vinh, Nghệ An')
INSERT [dbo].[Warehouse] ([LocationID], [Name], [Address]) VALUES (50, N'Cát Lái', N'376 Nguyễn Thị Định, Phường Cát Lái, Quận 2')
INSERT [dbo].[Warehouse] ([LocationID], [Name], [Address]) VALUES (60, N'Văn Giang', N'Km6 + 400 QL 379, Xã Tân Tiến, Huyện Văn Giang, Hưng Yên')
GO
INSERT [dbo].[ProductInventory] ([ProductID], [LocationID], [Sell], [Quantity]) VALUES	(680, 7, 0, 10)
INSERT [dbo].[ProductInventory] ([ProductID], [LocationID], [Sell], [Quantity]) VALUES	(706, 7, 0, 5)
INSERT [dbo].[ProductInventory] ([ProductID], [LocationID], [Sell], [Quantity]) VALUES	(707, 7, 0, 288)
INSERT [dbo].[ProductInventory] ([ProductID], [LocationID], [Sell], [Quantity]) VALUES	(708, 7, 0, 324)
INSERT [dbo].[ProductInventory] ([ProductID], [LocationID], [Sell], [Quantity]) VALUES	(711, 7, 0, 216)
INSERT [dbo].[ProductInventory] ([ProductID], [LocationID], [Sell], [Quantity]) VALUES	(747, 10, 0, 121)
INSERT [dbo].[ProductInventory] ([ProductID], [LocationID], [Sell], [Quantity]) VALUES	(747, 20, 0, 161)
INSERT [dbo].[ProductInventory] ([ProductID], [LocationID], [Sell], [Quantity]) VALUES	(747, 30, 0, 148)
INSERT [dbo].[ProductInventory] ([ProductID], [LocationID], [Sell], [Quantity]) VALUES	(747, 40, 0, 107)
INSERT [dbo].[ProductInventory] ([ProductID], [LocationID], [Sell], [Quantity]) VALUES	(747, 50, 0, 160)
INSERT [dbo].[ProductInventory] ([ProductID], [LocationID], [Sell], [Quantity]) VALUES	(747, 60, 0, 137)
INSERT [dbo].[ProductInventory] ([ProductID], [LocationID], [Sell], [Quantity]) VALUES	(748, 10, 0, 105)
INSERT [dbo].[ProductInventory] ([ProductID], [LocationID], [Sell], [Quantity]) VALUES	(748, 20, 0, 145)
INSERT [dbo].[ProductInventory] ([ProductID], [LocationID], [Sell], [Quantity]) VALUES	(748, 30, 0, 132)
INSERT [dbo].[ProductInventory] ([ProductID], [LocationID], [Sell], [Quantity]) VALUES	(748, 45, 0, 91)
INSERT [dbo].[ProductInventory] ([ProductID], [LocationID], [Sell], [Quantity]) VALUES	(748, 50, 0, 144)
INSERT [dbo].[ProductInventory] ([ProductID], [LocationID], [Sell], [Quantity]) VALUES	(748, 60, 0, 121)
INSERT [dbo].[ProductInventory] ([ProductID], [LocationID], [Sell], [Quantity]) VALUES	(749, 7, 0, 73)
INSERT [dbo].[ProductInventory] ([ProductID], [LocationID], [Sell], [Quantity]) VALUES	(749, 60, 0, 60)
INSERT [dbo].[ProductInventory] ([ProductID], [LocationID], [Sell], [Quantity]) VALUES	(750, 7, 0, 102)
INSERT [dbo].[ProductInventory] ([ProductID], [LocationID], [Sell], [Quantity]) VALUES	(750, 60, 0, 121)
INSERT [dbo].[ProductInventory] ([ProductID], [LocationID], [Sell], [Quantity]) VALUES	(751, 7, 0, 32)
INSERT [dbo].[ProductInventory] ([ProductID], [LocationID], [Sell], [Quantity]) VALUES	(751, 60, 0, 108)
INSERT [dbo].[ProductInventory] ([ProductID], [LocationID], [Sell], [Quantity]) VALUES	(752, 7, 0, 52)
INSERT [dbo].[ProductInventory] ([ProductID], [LocationID], [Sell], [Quantity]) VALUES	(752, 60, 0, 76)
INSERT [dbo].[ProductInventory] ([ProductID], [LocationID], [Sell], [Quantity]) VALUES	(753, 7, 0, 112)
INSERT [dbo].[ProductInventory] ([ProductID], [LocationID], [Sell], [Quantity]) VALUES	(753, 60, 0, 51)
INSERT [dbo].[ProductInventory] ([ProductID], [LocationID], [Sell], [Quantity]) VALUES	(754, 7, 0, 65)
INSERT [dbo].[ProductInventory] ([ProductID], [LocationID], [Sell], [Quantity]) VALUES	(754, 60, 0, 83)
INSERT [dbo].[ProductInventory] ([ProductID], [LocationID], [Sell], [Quantity]) VALUES	(755, 7, 0, 75)
INSERT [dbo].[ProductInventory] ([ProductID], [LocationID], [Sell], [Quantity]) VALUES	(755, 60, 0, 62)
INSERT [dbo].[ProductInventory] ([ProductID], [LocationID], [Sell], [Quantity]) VALUES	(756, 7, 0, 30)
INSERT [dbo].[ProductInventory] ([ProductID], [LocationID], [Sell], [Quantity]) VALUES	(756, 60, 0, 99)
INSERT [dbo].[ProductInventory] ([ProductID], [LocationID], [Sell], [Quantity]) VALUES	(757, 7, 0, 56)
INSERT [dbo].[ProductInventory] ([ProductID], [LocationID], [Sell], [Quantity]) VALUES	(757, 60, 0, 78)
INSERT [dbo].[ProductInventory] ([ProductID], [LocationID], [Sell], [Quantity]) VALUES	(758, 7, 0, 116)
INSERT [dbo].[ProductInventory] ([ProductID], [LocationID], [Sell], [Quantity]) VALUES	(758, 60, 0, 49)
INSERT [dbo].[ProductInventory] ([ProductID], [LocationID], [Sell], [Quantity]) VALUES	(759, 7, 0, 112)
INSERT [dbo].[ProductInventory] ([ProductID], [LocationID], [Sell], [Quantity]) VALUES	(759, 60, 0, 51)
INSERT [dbo].[ProductInventory] ([ProductID], [LocationID], [Sell], [Quantity]) VALUES	(760, 7, 0, 99)
INSERT [dbo].[ProductInventory] ([ProductID], [LocationID], [Sell], [Quantity]) VALUES	(760, 60, 0, 86)
INSERT [dbo].[ProductInventory] ([ProductID], [LocationID], [Sell], [Quantity]) VALUES	(761, 7, 0, 67)
INSERT [dbo].[ProductInventory] ([ProductID], [LocationID], [Sell], [Quantity]) VALUES	(761, 60, 0, 81)
INSERT [dbo].[ProductInventory] ([ProductID], [LocationID], [Sell], [Quantity]) VALUES	(762, 7, 0, 75)
INSERT [dbo].[ProductInventory] ([ProductID], [LocationID], [Sell], [Quantity]) VALUES	(762, 60, 0, 62)
INSERT [dbo].[ProductInventory] ([ProductID], [LocationID], [Sell], [Quantity]) VALUES	(763, 7, 0, 102)
INSERT [dbo].[ProductInventory] ([ProductID], [LocationID], [Sell], [Quantity]) VALUES	(763, 60, 0, 121)
INSERT [dbo].[ProductInventory] ([ProductID], [LocationID], [Sell], [Quantity]) VALUES	(764, 7, 0, 32)
INSERT [dbo].[ProductInventory] ([ProductID], [LocationID], [Sell], [Quantity]) VALUES	(764, 60, 0, 108)
INSERT [dbo].[ProductInventory] ([ProductID], [LocationID], [Sell], [Quantity]) VALUES	(765, 7, 0, 56)
INSERT [dbo].[ProductInventory] ([ProductID], [LocationID], [Sell], [Quantity]) VALUES	(765, 60, 0, 78)
INSERT [dbo].[ProductInventory] ([ProductID], [LocationID], [Sell], [Quantity]) VALUES	(766, 7, 0, 116)
INSERT [dbo].[ProductInventory] ([ProductID], [LocationID], [Sell], [Quantity]) VALUES	(766, 60, 0, 49)
INSERT [dbo].[ProductInventory] ([ProductID], [LocationID], [Sell], [Quantity]) VALUES	(767, 7, 0, 100)
INSERT [dbo].[ProductInventory] ([ProductID], [LocationID], [Sell], [Quantity]) VALUES	(767, 60, 0, 88)
INSERT [dbo].[ProductInventory] ([ProductID], [LocationID], [Sell], [Quantity]) VALUES	(768, 7, 0, 67)
INSERT [dbo].[ProductInventory] ([ProductID], [LocationID], [Sell], [Quantity]) VALUES	(768, 60, 0, 81)
INSERT [dbo].[ProductInventory] ([ProductID], [LocationID], [Sell], [Quantity]) VALUES	(769, 7, 0, 73)
INSERT [dbo].[ProductInventory] ([ProductID], [LocationID], [Sell], [Quantity]) VALUES	(769, 60, 0, 60)
INSERT [dbo].[ProductInventory] ([ProductID], [LocationID], [Sell], [Quantity]) VALUES	(770, 7, 0, 104)
INSERT [dbo].[ProductInventory] ([ProductID], [LocationID], [Sell], [Quantity]) VALUES	(770, 60, 0, 123)
INSERT [dbo].[ProductInventory] ([ProductID], [LocationID], [Sell], [Quantity]) VALUES	(771, 7, 0, 49)
INSERT [dbo].[ProductInventory] ([ProductID], [LocationID], [Sell], [Quantity]) VALUES	(771, 60, 0, 100)
INSERT [dbo].[ProductInventory] ([ProductID], [LocationID], [Sell], [Quantity]) VALUES	(772, 7, 0, 88)
INSERT [dbo].[ProductInventory] ([ProductID], [LocationID], [Sell], [Quantity]) VALUES	(772, 60, 0, 65)
INSERT [dbo].[ProductInventory] ([ProductID], [LocationID], [Sell], [Quantity]) VALUES	(773, 7, 0, 83)
INSERT [dbo].[ProductInventory] ([ProductID], [LocationID], [Sell], [Quantity]) VALUES	(773, 60, 0, 75)
INSERT [dbo].[ProductInventory] ([ProductID], [LocationID], [Sell], [Quantity]) VALUES	(774, 7, 0, 62)
INSERT [dbo].[ProductInventory] ([ProductID], [LocationID], [Sell], [Quantity]) VALUES	(774, 60, 0, 102)
INSERT [dbo].[ProductInventory] ([ProductID], [LocationID], [Sell], [Quantity]) VALUES	(775, 7, 0, 99)
INSERT [dbo].[ProductInventory] ([ProductID], [LocationID], [Sell], [Quantity]) VALUES	(775, 60, 0, 56)
INSERT [dbo].[ProductInventory] ([ProductID], [LocationID], [Sell], [Quantity]) VALUES	(776, 7, 0, 78)
INSERT [dbo].[ProductInventory] ([ProductID], [LocationID], [Sell], [Quantity]) VALUES	(776, 60, 0, 116)
INSERT [dbo].[ProductInventory] ([ProductID], [LocationID], [Sell], [Quantity]) VALUES	(777, 7, 0, 49)
INSERT [dbo].[ProductInventory] ([ProductID], [LocationID], [Sell], [Quantity]) VALUES	(777, 60, 0, 100)
INSERT [dbo].[ProductInventory] ([ProductID], [LocationID], [Sell], [Quantity]) VALUES	(778, 7, 0, 88)
INSERT [dbo].[ProductInventory] ([ProductID], [LocationID], [Sell], [Quantity]) VALUES	(778, 60, 0, 65)
INSERT [dbo].[ProductInventory] ([ProductID], [LocationID], [Sell], [Quantity]) VALUES	(779, 7, 0, 75)
INSERT [dbo].[ProductInventory] ([ProductID], [LocationID], [Sell], [Quantity]) VALUES	(779, 60, 0, 62)
INSERT [dbo].[ProductInventory] ([ProductID], [LocationID], [Sell], [Quantity]) VALUES	(780, 7, 0, 102)
INSERT [dbo].[ProductInventory] ([ProductID], [LocationID], [Sell], [Quantity]) VALUES	(780, 60, 0, 121)
INSERT [dbo].[ProductInventory] ([ProductID], [LocationID], [Sell], [Quantity]) VALUES	(781, 7, 0, 32)
INSERT [dbo].[ProductInventory] ([ProductID], [LocationID], [Sell], [Quantity]) VALUES	(781, 60, 0, 108)
INSERT [dbo].[ProductInventory] ([ProductID], [LocationID], [Sell], [Quantity]) VALUES	(782, 7, 0, 100)
INSERT [dbo].[ProductInventory] ([ProductID], [LocationID], [Sell], [Quantity]) VALUES	(782, 60, 0, 88)
INSERT [dbo].[ProductInventory] ([ProductID], [LocationID], [Sell], [Quantity]) VALUES	(783, 7, 0, 65)
INSERT [dbo].[ProductInventory] ([ProductID], [LocationID], [Sell], [Quantity]) VALUES	(783, 60, 0, 83)
INSERT [dbo].[ProductInventory] ([ProductID], [LocationID], [Sell], [Quantity]) VALUES	(784, 7, 0, 75)
INSERT [dbo].[ProductInventory] ([ProductID], [LocationID], [Sell], [Quantity]) VALUES	(784, 60, 0, 62)
INSERT [dbo].[ProductInventory] ([ProductID], [LocationID], [Sell], [Quantity]) VALUES	(785, 7, 0, 75)
INSERT [dbo].[ProductInventory] ([ProductID], [LocationID], [Sell], [Quantity]) VALUES	(785, 60, 0, 62)
INSERT [dbo].[ProductInventory] ([ProductID], [LocationID], [Sell], [Quantity]) VALUES	(786, 7, 0, 102)
INSERT [dbo].[ProductInventory] ([ProductID], [LocationID], [Sell], [Quantity]) VALUES	(786, 60, 0, 121)
GO	
INSERT [dbo].[ProductInventory] ([ProductID], [LocationID], [Sell], [Quantity]) VALUES	(787, 7, 0, 32)
INSERT [dbo].[ProductInventory] ([ProductID], [LocationID], [Sell], [Quantity]) VALUES	(787, 60, 0, 108)
INSERT [dbo].[ProductInventory] ([ProductID], [LocationID], [Sell], [Quantity]) VALUES	(788, 7, 0, 52)
INSERT [dbo].[ProductInventory] ([ProductID], [LocationID], [Sell], [Quantity]) VALUES	(788, 60, 0, 76)
INSERT [dbo].[ProductInventory] ([ProductID], [LocationID], [Sell], [Quantity]) VALUES	(789, 7, 0, 112)
INSERT [dbo].[ProductInventory] ([ProductID], [LocationID], [Sell], [Quantity]) VALUES	(789, 60, 0, 51)
INSERT [dbo].[ProductInventory] ([ProductID], [LocationID], [Sell], [Quantity]) VALUES	(790, 7, 0, 99)
INSERT [dbo].[ProductInventory] ([ProductID], [LocationID], [Sell], [Quantity]) VALUES	(790, 60, 0, 86)
INSERT [dbo].[ProductInventory] ([ProductID], [LocationID], [Sell], [Quantity]) VALUES	(791, 7, 0, 67)
INSERT [dbo].[ProductInventory] ([ProductID], [LocationID], [Sell], [Quantity]) VALUES	(791, 60, 0, 81)
INSERT [dbo].[ProductInventory] ([ProductID], [LocationID], [Sell], [Quantity]) VALUES	(792, 7, 0, 104)
INSERT [dbo].[ProductInventory] ([ProductID], [LocationID], [Sell], [Quantity]) VALUES	(792, 60, 0, 123)
INSERT [dbo].[ProductInventory] ([ProductID], [LocationID], [Sell], [Quantity]) VALUES	(793, 7, 0, 56)
INSERT [dbo].[ProductInventory] ([ProductID], [LocationID], [Sell], [Quantity]) VALUES	(793, 60, 0, 78)
INSERT [dbo].[ProductInventory] ([ProductID], [LocationID], [Sell], [Quantity]) VALUES	(794, 7, 0, 116)
INSERT [dbo].[ProductInventory] ([ProductID], [LocationID], [Sell], [Quantity]) VALUES	(794, 60, 0, 49)
INSERT [dbo].[ProductInventory] ([ProductID], [LocationID], [Sell], [Quantity]) VALUES	(795, 7, 0, 100)
INSERT [dbo].[ProductInventory] ([ProductID], [LocationID], [Sell], [Quantity]) VALUES	(795, 60, 0, 88)
INSERT [dbo].[ProductInventory] ([ProductID], [LocationID], [Sell], [Quantity]) VALUES	(796, 7, 0, 65)
INSERT [dbo].[ProductInventory] ([ProductID], [LocationID], [Sell], [Quantity]) VALUES	(796, 60, 0, 83)
INSERT [dbo].[ProductInventory] ([ProductID], [LocationID], [Sell], [Quantity]) VALUES	(797, 7, 0, 67)
INSERT [dbo].[ProductInventory] ([ProductID], [LocationID], [Sell], [Quantity]) VALUES	(797, 60, 0, 81)
INSERT [dbo].[ProductInventory] ([ProductID], [LocationID], [Sell], [Quantity]) VALUES	(798, 7, 0, 73)
INSERT [dbo].[ProductInventory] ([ProductID], [LocationID], [Sell], [Quantity]) VALUES	(798, 60, 0, 60)
INSERT [dbo].[ProductInventory] ([ProductID], [LocationID], [Sell], [Quantity]) VALUES	(799, 7, 0, 104)
INSERT [dbo].[ProductInventory] ([ProductID], [LocationID], [Sell], [Quantity]) VALUES	(799, 60, 0, 123)
INSERT [dbo].[ProductInventory] ([ProductID], [LocationID], [Sell], [Quantity]) VALUES	(800, 7, 0, 30)
INSERT [dbo].[ProductInventory] ([ProductID], [LocationID], [Sell], [Quantity]) VALUES	(800, 60, 0, 99)
INSERT [dbo].[ProductInventory] ([ProductID], [LocationID], [Sell], [Quantity]) VALUES	(801, 7, 0, 56)
INSERT [dbo].[ProductInventory] ([ProductID], [LocationID], [Sell], [Quantity]) VALUES	(801, 60, 0, 78)
INSERT [dbo].[ProductInventory] ([ProductID], [LocationID], [Sell], [Quantity]) VALUES	(717, 5, 7, 350)
INSERT [dbo].[ProductInventory] ([ProductID], [LocationID], [Sell], [Quantity]) VALUES	(717, 10, 8, 240)
INSERT [dbo].[ProductInventory] ([ProductID], [LocationID], [Sell], [Quantity]) VALUES	(717, 50, 17, 273)
INSERT [dbo].[ProductInventory] ([ProductID], [LocationID], [Sell], [Quantity]) VALUES	(718, 5, 8, 356)
INSERT [dbo].[ProductInventory] ([ProductID], [LocationID], [Sell], [Quantity]) VALUES	(718, 10, 9, 246)
INSERT [dbo].[ProductInventory] ([ProductID], [LocationID], [Sell], [Quantity]) VALUES	(718, 50, 18, 280)
INSERT [dbo].[ProductInventory] ([ProductID], [LocationID], [Sell], [Quantity]) VALUES	(719, 5, 9, 363)
INSERT [dbo].[ProductInventory] ([ProductID], [LocationID], [Sell], [Quantity]) VALUES	(719, 10, 10, 252)
INSERT [dbo].[ProductInventory] ([ProductID], [LocationID], [Sell], [Quantity]) VALUES	(719, 50, 19, 286)
INSERT [dbo].[ProductInventory] ([ProductID], [LocationID], [Sell], [Quantity]) VALUES	(720, 1, 13, 284)
INSERT [dbo].[ProductInventory] ([ProductID], [LocationID], [Sell], [Quantity]) VALUES	(720, 6, 40, 265)
INSERT [dbo].[ProductInventory] ([ProductID], [LocationID], [Sell], [Quantity]) VALUES	(720, 50, 40, 212)
INSERT [dbo].[ProductInventory] ([ProductID], [LocationID], [Sell], [Quantity]) VALUES	(721, 1, 14, 288)
INSERT [dbo].[ProductInventory] ([ProductID], [LocationID], [Sell], [Quantity]) VALUES	(721, 6, 41, 268)
INSERT [dbo].[ProductInventory] ([ProductID], [LocationID], [Sell], [Quantity]) VALUES	(721, 50, 41, 216)
INSERT [dbo].[ProductInventory] ([ProductID], [LocationID], [Sell], [Quantity]) VALUES	(722, 1, 15, 291)
INSERT [dbo].[ProductInventory] ([ProductID], [LocationID], [Sell], [Quantity]) VALUES	(722, 6, 42, 272)
INSERT [dbo].[ProductInventory] ([ProductID], [LocationID], [Sell], [Quantity]) VALUES	(722, 50, 42, 219)
INSERT [dbo].[ProductInventory] ([ProductID], [LocationID], [Sell], [Quantity]) VALUES	(723, 10, 4, 267)
INSERT [dbo].[ProductInventory] ([ProductID], [LocationID], [Sell], [Quantity]) VALUES	(723, 20, 1, 276)
INSERT [dbo].[ProductInventory] ([ProductID], [LocationID], [Sell], [Quantity]) VALUES	(723, 50, 2, 316)
INSERT [dbo].[ProductInventory] ([ProductID], [LocationID], [Sell], [Quantity]) VALUES	(724, 10, 5, 264)
INSERT [dbo].[ProductInventory] ([ProductID], [LocationID], [Sell], [Quantity]) VALUES	(724, 20, 2, 273)
INSERT [dbo].[ProductInventory] ([ProductID], [LocationID], [Sell], [Quantity]) VALUES	(724, 50, 3, 313)
INSERT [dbo].[ProductInventory] ([ProductID], [LocationID], [Sell], [Quantity]) VALUES	(725, 10, 6, 260)
INSERT [dbo].[ProductInventory] ([ProductID], [LocationID], [Sell], [Quantity]) VALUES	(725, 20, 3, 270)
INSERT [dbo].[ProductInventory] ([ProductID], [LocationID], [Sell], [Quantity]) VALUES	(725, 50, 4, 310)
INSERT [dbo].[ProductInventory] ([ProductID], [LocationID], [Sell], [Quantity]) VALUES	(726, 10, 7, 257)
INSERT [dbo].[ProductInventory] ([ProductID], [LocationID], [Sell], [Quantity]) VALUES	(726, 20, 4, 267)
INSERT [dbo].[ProductInventory] ([ProductID], [LocationID], [Sell], [Quantity]) VALUES	(726, 50, 6, 307)
INSERT [dbo].[ProductInventory] ([ProductID], [LocationID], [Sell], [Quantity]) VALUES	(727, 10, 8, 254)
INSERT [dbo].[ProductInventory] ([ProductID], [LocationID], [Sell], [Quantity]) VALUES	(727, 20, 5, 264)
INSERT [dbo].[ProductInventory] ([ProductID], [LocationID], [Sell], [Quantity]) VALUES	(727, 50, 7, 304)
INSERT [dbo].[ProductInventory] ([ProductID], [LocationID], [Sell], [Quantity]) VALUES	(728, 10, 9, 251)
INSERT [dbo].[ProductInventory] ([ProductID], [LocationID], [Sell], [Quantity]) VALUES	(728, 20, 6, 260)
INSERT [dbo].[ProductInventory] ([ProductID], [LocationID], [Sell], [Quantity]) VALUES	(728, 50, 8, 300)
INSERT [dbo].[ProductInventory] ([ProductID], [LocationID], [Sell], [Quantity]) VALUES	(814, 10, 0, 110)
INSERT [dbo].[ProductInventory] ([ProductID], [LocationID], [Sell], [Quantity]) VALUES	(814, 20, 0, 150)
INSERT [dbo].[ProductInventory] ([ProductID], [LocationID], [Sell], [Quantity]) VALUES	(814, 30, 0, 137)
INSERT [dbo].[ProductInventory] ([ProductID], [LocationID], [Sell], [Quantity]) VALUES	(814, 40, 0, 96)
INSERT [dbo].[ProductInventory] ([ProductID], [LocationID], [Sell], [Quantity]) VALUES	(814, 50, 0, 148)
INSERT [dbo].[ProductInventory] ([ProductID], [LocationID], [Sell], [Quantity]) VALUES	(814, 60, 0, 126)
INSERT [dbo].[ProductInventory] ([ProductID], [LocationID], [Sell], [Quantity]) VALUES	(815, 5, 1, 265)
INSERT [dbo].[ProductInventory] ([ProductID], [LocationID], [Sell], [Quantity]) VALUES	(815, 50, 1, 457)
INSERT [dbo].[ProductInventory] ([ProductID], [LocationID], [Sell], [Quantity]) VALUES	(816, 5, 2, 406)
INSERT [dbo].[ProductInventory] ([ProductID], [LocationID], [Sell], [Quantity]) VALUES	(816, 50, 2, 412)
INSERT [dbo].[ProductInventory] ([ProductID], [LocationID], [Sell], [Quantity]) VALUES	(817, 5, 3, 443)
INSERT [dbo].[ProductInventory] ([ProductID], [LocationID], [Sell], [Quantity]) VALUES	(817, 50, 3, 388)
INSERT [dbo].[ProductInventory] ([ProductID], [LocationID], [Sell], [Quantity]) VALUES	(818, 5, 4, 428)
INSERT [dbo].[ProductInventory] ([ProductID], [LocationID], [Sell], [Quantity]) VALUES	(818, 50, 4, 460)
INSERT [dbo].[ProductInventory] ([ProductID], [LocationID], [Sell], [Quantity]) VALUES	(819, 5, 5, 409)
INSERT [dbo].[ProductInventory] ([ProductID], [LocationID], [Sell], [Quantity]) VALUES	(819, 50, 5, 384)
INSERT [dbo].[ProductInventory] ([ProductID], [LocationID], [Sell], [Quantity]) VALUES	(820, 5, 6, 446)
INSERT [dbo].[ProductInventory] ([ProductID], [LocationID], [Sell], [Quantity]) VALUES	(820, 50, 6, 232)
INSERT [dbo].[ProductInventory] ([ProductID], [LocationID], [Sell], [Quantity]) VALUES	(821, 5, 7, 432)
INSERT [dbo].[ProductInventory] ([ProductID], [LocationID], [Sell], [Quantity]) VALUES	(821, 50, 7, 304)
INSERT [dbo].[ProductInventory] ([ProductID], [LocationID], [Sell], [Quantity]) VALUES	(822, 10, 0, 115)
INSERT [dbo].[ProductInventory] ([ProductID], [LocationID], [Sell], [Quantity]) VALUES	(822, 20, 0, 155)
INSERT [dbo].[ProductInventory] ([ProductID], [LocationID], [Sell], [Quantity]) VALUES	(822, 30, 0, 142)
INSERT [dbo].[ProductInventory] ([ProductID], [LocationID], [Sell], [Quantity]) VALUES	(822, 40, 0, 100)
INSERT [dbo].[ProductInventory] ([ProductID], [LocationID], [Sell], [Quantity]) VALUES	(822, 50, 0, 153)
INSERT [dbo].[ProductInventory] ([ProductID], [LocationID], [Sell], [Quantity]) VALUES	(822, 60, 0, 131)
INSERT [dbo].[ProductInventory] ([ProductID], [LocationID], [Sell], [Quantity]) VALUES	(823, 6, 10, 425)
INSERT [dbo].[ProductInventory] ([ProductID], [LocationID], [Sell], [Quantity]) VALUES	(823, 50, 1, 256)
INSERT [dbo].[ProductInventory] ([ProductID], [LocationID], [Sell], [Quantity]) VALUES	(824, 6, 10, 411)
INSERT [dbo].[ProductInventory] ([ProductID], [LocationID], [Sell], [Quantity]) VALUES	(824, 50, 2, 401)
INSERT [dbo].[ProductInventory] ([ProductID], [LocationID], [Sell], [Quantity]) VALUES	(825, 6, 11, 396)
INSERT [dbo].[ProductInventory] ([ProductID], [LocationID], [Sell], [Quantity]) VALUES	(825, 50, 3, 387)
INSERT [dbo].[ProductInventory] ([ProductID], [LocationID], [Sell], [Quantity]) VALUES	(826, 6, 11, 393)
INSERT [dbo].[ProductInventory] ([ProductID], [LocationID], [Sell], [Quantity]) VALUES	(826, 50, 4, 406)
GO	
INSERT [dbo].[ProductInventory] ([ProductID], [LocationID], [Sell], [Quantity]) VALUES	(827, 6, 12, 412)
INSERT [dbo].[ProductInventory] ([ProductID], [LocationID], [Sell], [Quantity]) VALUES	(827, 50, 5, 425)
INSERT [dbo].[ProductInventory] ([ProductID], [LocationID], [Sell], [Quantity]) VALUES	(828, 6, 12, 432)
INSERT [dbo].[ProductInventory] ([ProductID], [LocationID], [Sell], [Quantity]) VALUES	(828, 50, 6, 284)
INSERT [dbo].[ProductInventory] ([ProductID], [LocationID], [Sell], [Quantity]) VALUES	(829, 6, 12, 265)
INSERT [dbo].[ProductInventory] ([ProductID], [LocationID], [Sell], [Quantity]) VALUES	(829, 50, 7, 476)
INSERT [dbo].[ProductInventory] ([ProductID], [LocationID], [Sell], [Quantity]) VALUES	(842, 7, 0, 72)
INSERT [dbo].[ProductInventory] ([ProductID], [LocationID], [Sell], [Quantity]) VALUES	(729, 7, 0, 252)
INSERT [dbo].[ProductInventory] ([ProductID], [LocationID], [Sell], [Quantity]) VALUES	(730, 7, 0, 288)
INSERT [dbo].[ProductInventory] ([ProductID], [LocationID], [Sell], [Quantity]) VALUES	(731, 7, 0, 324)
INSERT [dbo].[ProductInventory] ([ProductID], [LocationID], [Sell], [Quantity]) VALUES	(732, 7, 0, 144)
INSERT [dbo].[ProductInventory] ([ProductID], [LocationID], [Sell], [Quantity]) VALUES	(733, 7, 0, 180)
INSERT [dbo].[ProductInventory] ([ProductID], [LocationID], [Sell], [Quantity]) VALUES	(734, 7, 0, 216)
INSERT [dbo].[ProductInventory] ([ProductID], [LocationID], [Sell], [Quantity]) VALUES	(735, 7, 0, 252)
INSERT [dbo].[ProductInventory] ([ProductID], [LocationID], [Sell], [Quantity]) VALUES	(736, 7, 0, 288)
INSERT [dbo].[ProductInventory] ([ProductID], [LocationID], [Sell], [Quantity]) VALUES	(737, 7, 0, 324)
INSERT [dbo].[ProductInventory] ([ProductID], [LocationID], [Sell], [Quantity]) VALUES	(738, 7, 0, 180)
INSERT [dbo].[ProductInventory] ([ProductID], [LocationID], [Sell], [Quantity]) VALUES	(739, 7, 0, 0)
INSERT [dbo].[ProductInventory] ([ProductID], [LocationID], [Sell], [Quantity]) VALUES	(740, 7, 0, 36)
INSERT [dbo].[ProductInventory] ([ProductID], [LocationID], [Sell], [Quantity]) VALUES	(741, 7, 0, 108)
INSERT [dbo].[ProductInventory] ([ProductID], [LocationID], [Sell], [Quantity]) VALUES	(742, 7, 0, 144)
INSERT [dbo].[ProductInventory] ([ProductID], [LocationID], [Sell], [Quantity]) VALUES	(880, 7, 0, 108)
INSERT [dbo].[ProductInventory] ([ProductID], [LocationID], [Sell], [Quantity]) VALUES	(894, 1, 23, 337)
INSERT [dbo].[ProductInventory] ([ProductID], [LocationID], [Sell], [Quantity]) VALUES	(894, 6, 14, 355)
INSERT [dbo].[ProductInventory] ([ProductID], [LocationID], [Sell], [Quantity]) VALUES	(894, 50, 14, 155)
INSERT [dbo].[ProductInventory] ([ProductID], [LocationID], [Sell], [Quantity]) VALUES	(907, 1, 19, 337)
INSERT [dbo].[ProductInventory] ([ProductID], [LocationID], [Sell], [Quantity]) VALUES	(907, 6, 12, 228)
INSERT [dbo].[ProductInventory] ([ProductID], [LocationID], [Sell], [Quantity]) VALUES	(907, 50, 12, 158)
INSERT [dbo].[ProductInventory] ([ProductID], [LocationID], [Sell], [Quantity]) VALUES	(743, 6, 4, 400)
INSERT [dbo].[ProductInventory] ([ProductID], [LocationID], [Sell], [Quantity]) VALUES	(743, 50, 8, 214)
INSERT [dbo].[ProductInventory] ([ProductID], [LocationID], [Sell], [Quantity]) VALUES	(743, 60, 11, 195)
INSERT [dbo].[ProductInventory] ([ProductID], [LocationID], [Sell], [Quantity]) VALUES	(744, 6, 5, 230)
INSERT [dbo].[ProductInventory] ([ProductID], [LocationID], [Sell], [Quantity]) VALUES	(744, 50, 9, 72)
INSERT [dbo].[ProductInventory] ([ProductID], [LocationID], [Sell], [Quantity]) VALUES	(744, 60, 12, 120)
INSERT [dbo].[ProductInventory] ([ProductID], [LocationID], [Sell], [Quantity]) VALUES	(745, 6, 7, 91)
INSERT [dbo].[ProductInventory] ([ProductID], [LocationID], [Sell], [Quantity]) VALUES	(745, 50, 19, 168)
INSERT [dbo].[ProductInventory] ([ProductID], [LocationID], [Sell], [Quantity]) VALUES	(745, 60, 8, 96)
INSERT [dbo].[ProductInventory] ([ProductID], [LocationID], [Sell], [Quantity]) VALUES	(746, 6, 8, 283)
INSERT [dbo].[ProductInventory] ([ProductID], [LocationID], [Sell], [Quantity]) VALUES	(746, 50, 20, 321)
INSERT [dbo].[ProductInventory] ([ProductID], [LocationID], [Sell], [Quantity]) VALUES	(746, 60, 9, 302)
INSERT [dbo].[ProductInventory] ([ProductID], [LocationID], [Sell], [Quantity]) VALUES	(830, 6, 9, 302)
INSERT [dbo].[ProductInventory] ([ProductID], [LocationID], [Sell], [Quantity]) VALUES	(830, 50, 21, 353)
INSERT [dbo].[ProductInventory] ([ProductID], [LocationID], [Sell], [Quantity]) VALUES	(830, 60, 10, 246)
INSERT [dbo].[ProductInventory] ([ProductID], [LocationID], [Sell], [Quantity]) VALUES	(831, 6, 12, 169)
INSERT [dbo].[ProductInventory] ([ProductID], [LocationID], [Sell], [Quantity]) VALUES	(831, 50, 24, 145)
INSERT [dbo].[ProductInventory] ([ProductID], [LocationID], [Sell], [Quantity]) VALUES	(831, 60, 15, 153)
INSERT [dbo].[ProductInventory] ([ProductID], [LocationID], [Sell], [Quantity]) VALUES	(832, 6, 13, 248)
INSERT [dbo].[ProductInventory] ([ProductID], [LocationID], [Sell], [Quantity]) VALUES	(832, 50, 25, 171)
INSERT [dbo].[ProductInventory] ([ProductID], [LocationID], [Sell], [Quantity]) VALUES	(832, 60, 16, 382)
INSERT [dbo].[ProductInventory] ([ProductID], [LocationID], [Sell], [Quantity]) VALUES	(833, 6, 18, 161)
INSERT [dbo].[ProductInventory] ([ProductID], [LocationID], [Sell], [Quantity]) VALUES	(833, 50, 26, 83)
INSERT [dbo].[ProductInventory] ([ProductID], [LocationID], [Sell], [Quantity]) VALUES	(833, 60, 17, 158)
INSERT [dbo].[ProductInventory] ([ProductID], [LocationID], [Sell], [Quantity]) VALUES	(834, 6, 6, 425)
INSERT [dbo].[ProductInventory] ([ProductID], [LocationID], [Sell], [Quantity]) VALUES	(834, 50, 27, 288)
INSERT [dbo].[ProductInventory] ([ProductID], [LocationID], [Sell], [Quantity]) VALUES	(834, 60, 4, 276)
INSERT [dbo].[ProductInventory] ([ProductID], [LocationID], [Sell], [Quantity]) VALUES	(835, 6, 16, 286)
INSERT [dbo].[ProductInventory] ([ProductID], [LocationID], [Sell], [Quantity]) VALUES	(835, 50, 15, 243)
INSERT [dbo].[ProductInventory] ([ProductID], [LocationID], [Sell], [Quantity]) VALUES	(836, 6, 17, 264)
INSERT [dbo].[ProductInventory] ([ProductID], [LocationID], [Sell], [Quantity]) VALUES	(836, 50, 17, 241)
INSERT [dbo].[ProductInventory] ([ProductID], [LocationID], [Sell], [Quantity]) VALUES	(837, 6, 18, 262)
INSERT [dbo].[ProductInventory] ([ProductID], [LocationID], [Sell], [Quantity]) VALUES	(837, 50, 18, 240)
INSERT [dbo].[ProductInventory] ([ProductID], [LocationID], [Sell], [Quantity]) VALUES	(838, 6, 2, 240)
INSERT [dbo].[ProductInventory] ([ProductID], [LocationID], [Sell], [Quantity]) VALUES	(838, 50, 1, 369)
INSERT [dbo].[ProductInventory] ([ProductID], [LocationID], [Sell], [Quantity]) VALUES	(839, 6, 3, 385)
INSERT [dbo].[ProductInventory] ([ProductID], [LocationID], [Sell], [Quantity]) VALUES	(839, 50, 3, 284)
INSERT [dbo].[ProductInventory] ([ProductID], [LocationID], [Sell], [Quantity]) VALUES	(840, 6, 5, 267)
INSERT [dbo].[ProductInventory] ([ProductID], [LocationID], [Sell], [Quantity]) VALUES	(840, 50, 5, 232)
INSERT [dbo].[ProductInventory] ([ProductID], [LocationID], [Sell], [Quantity]) VALUES	(885, 6, 6, 236)
INSERT [dbo].[ProductInventory] ([ProductID], [LocationID], [Sell], [Quantity]) VALUES	(885, 50, 6, 252)
INSERT [dbo].[ProductInventory] ([ProductID], [LocationID], [Sell], [Quantity]) VALUES	(886, 6, 8, 382)
INSERT [dbo].[ProductInventory] ([ProductID], [LocationID], [Sell], [Quantity]) VALUES	(886, 50, 7, 192)
INSERT [dbo].[ProductInventory] ([ProductID], [LocationID], [Sell], [Quantity]) VALUES	(887, 6, 10, 299)
INSERT [dbo].[ProductInventory] ([ProductID], [LocationID], [Sell], [Quantity]) VALUES	(887, 50, 9, 228)
INSERT [dbo].[ProductInventory] ([ProductID], [LocationID], [Sell], [Quantity]) VALUES	(888, 6, 11, 233)
INSERT [dbo].[ProductInventory] ([ProductID], [LocationID], [Sell], [Quantity]) VALUES	(888, 50, 11, 249)
INSERT [dbo].[ProductInventory] ([ProductID], [LocationID], [Sell], [Quantity]) VALUES	(935, 1, 24, 174)
INSERT [dbo].[ProductInventory] ([ProductID], [LocationID], [Sell], [Quantity]) VALUES	(935, 6, 1, 182)
INSERT [dbo].[ProductInventory] ([ProductID], [LocationID], [Sell], [Quantity]) VALUES	(935, 50, 1, 156)
INSERT [dbo].[ProductInventory] ([ProductID], [LocationID], [Sell], [Quantity]) VALUES	(936, 1, 25, 172)
INSERT [dbo].[ProductInventory] ([ProductID], [LocationID], [Sell], [Quantity]) VALUES	(936, 6, 2, 180)
INSERT [dbo].[ProductInventory] ([ProductID], [LocationID], [Sell], [Quantity]) VALUES	(936, 50, 2, 155)
INSERT [dbo].[ProductInventory] ([ProductID], [LocationID], [Sell], [Quantity]) VALUES	(937, 1, 20, 171)
INSERT [dbo].[ProductInventory] ([ProductID], [LocationID], [Sell], [Quantity]) VALUES	(937, 6, 9, 179)
INSERT [dbo].[ProductInventory] ([ProductID], [LocationID], [Sell], [Quantity]) VALUES	(937, 50, 9, 153)
INSERT [dbo].[ProductInventory] ([ProductID], [LocationID], [Sell], [Quantity]) VALUES	(938, 1, 21, 169)
INSERT [dbo].[ProductInventory] ([ProductID], [LocationID], [Sell], [Quantity]) VALUES	(938, 6, 10, 177)
INSERT [dbo].[ProductInventory] ([ProductID], [LocationID], [Sell], [Quantity]) VALUES	(938, 50, 10, 152)
INSERT [dbo].[ProductInventory] ([ProductID], [LocationID], [Sell], [Quantity]) VALUES	(939, 1, 16, 168)
INSERT [dbo].[ProductInventory] ([ProductID], [LocationID], [Sell], [Quantity]) VALUES	(939, 6, 3, 176)
INSERT [dbo].[ProductInventory] ([ProductID], [LocationID], [Sell], [Quantity]) VALUES	(939, 50, 7, 150)
GO	
INSERT [dbo].[ProductInventory] ([ProductID], [LocationID], [Sell], [Quantity]) VALUES	(940, 1, 17, 316)
INSERT [dbo].[ProductInventory] ([ProductID], [LocationID], [Sell], [Quantity]) VALUES	(940, 6, 4, 267)
INSERT [dbo].[ProductInventory] ([ProductID], [LocationID], [Sell], [Quantity]) VALUES	(940, 50, 8, 323)
INSERT [dbo].[ProductInventory] ([ProductID], [LocationID], [Sell], [Quantity]) VALUES	(941, 1, 14, 235)
INSERT [dbo].[ProductInventory] ([ProductID], [LocationID], [Sell], [Quantity]) VALUES	(941, 6, 5, 262)
INSERT [dbo].[ProductInventory] ([ProductID], [LocationID], [Sell], [Quantity]) VALUES	(941, 50, 3, 388)
INSERT [dbo].[ProductInventory] ([ProductID], [LocationID], [Sell], [Quantity]) VALUES	(942, 10, 0, 120)
INSERT [dbo].[ProductInventory] ([ProductID], [LocationID], [Sell], [Quantity]) VALUES	(942, 20, 0, 160)
INSERT [dbo].[ProductInventory] ([ProductID], [LocationID], [Sell], [Quantity]) VALUES	(942, 30, 0, 147)
INSERT [dbo].[ProductInventory] ([ProductID], [LocationID], [Sell], [Quantity]) VALUES	(942, 45, 0, 105)
INSERT [dbo].[ProductInventory] ([ProductID], [LocationID], [Sell], [Quantity]) VALUES	(942, 50, 0, 158)
INSERT [dbo].[ProductInventory] ([ProductID], [LocationID], [Sell], [Quantity]) VALUES	(942, 60, 0, 136)
INSERT [dbo].[ProductInventory] ([ProductID], [LocationID], [Sell], [Quantity]) VALUES	(943, 10, 0, 102)
INSERT [dbo].[ProductInventory] ([ProductID], [LocationID], [Sell], [Quantity]) VALUES	(943, 20, 0, 142)
INSERT [dbo].[ProductInventory] ([ProductID], [LocationID], [Sell], [Quantity]) VALUES	(943, 30, 0, 129)
INSERT [dbo].[ProductInventory] ([ProductID], [LocationID], [Sell], [Quantity]) VALUES	(943, 40, 0, 88)
INSERT [dbo].[ProductInventory] ([ProductID], [LocationID], [Sell], [Quantity]) VALUES	(943, 50, 0, 140)
INSERT [dbo].[ProductInventory] ([ProductID], [LocationID], [Sell], [Quantity]) VALUES	(943, 60, 0, 118)
INSERT [dbo].[ProductInventory] ([ProductID], [LocationID], [Sell], [Quantity]) VALUES	(944, 10, 0, 112)
INSERT [dbo].[ProductInventory] ([ProductID], [LocationID], [Sell], [Quantity]) VALUES	(944, 20, 0, 96)
INSERT [dbo].[ProductInventory] ([ProductID], [LocationID], [Sell], [Quantity]) VALUES	(944, 30, 0, 123)
INSERT [dbo].[ProductInventory] ([ProductID], [LocationID], [Sell], [Quantity]) VALUES	(944, 45, 0, 136)
INSERT [dbo].[ProductInventory] ([ProductID], [LocationID], [Sell], [Quantity]) VALUES	(944, 50, 0, 81)
INSERT [dbo].[ProductInventory] ([ProductID], [LocationID], [Sell], [Quantity]) VALUES	(944, 60, 0, 134)
INSERT [dbo].[ProductInventory] ([ProductID], [LocationID], [Sell], [Quantity]) VALUES	(945, 5, 4, 347)
INSERT [dbo].[ProductInventory] ([ProductID], [LocationID], [Sell], [Quantity]) VALUES	(945, 10, 5, 236)
INSERT [dbo].[ProductInventory] ([ProductID], [LocationID], [Sell], [Quantity]) VALUES	(945, 50, 4, 270)
INSERT [dbo].[ProductInventory] ([ProductID], [LocationID], [Sell], [Quantity]) VALUES	(889, 10, 10, 248)
INSERT [dbo].[ProductInventory] ([ProductID], [LocationID], [Sell], [Quantity]) VALUES	(889, 20, 7, 257)
INSERT [dbo].[ProductInventory] ([ProductID], [LocationID], [Sell], [Quantity]) VALUES	(889, 50, 9, 297)
INSERT [dbo].[ProductInventory] ([ProductID], [LocationID], [Sell], [Quantity]) VALUES	(890, 10, 11, 244)
INSERT [dbo].[ProductInventory] ([ProductID], [LocationID], [Sell], [Quantity]) VALUES	(890, 20, 8, 254)
INSERT [dbo].[ProductInventory] ([ProductID], [LocationID], [Sell], [Quantity]) VALUES	(890, 50, 10, 294)
INSERT [dbo].[ProductInventory] ([ProductID], [LocationID], [Sell], [Quantity]) VALUES	(948, 5, 1, 347)
INSERT [dbo].[ProductInventory] ([ProductID], [LocationID], [Sell], [Quantity]) VALUES	(948, 50, 1, 420)
INSERT [dbo].[ProductInventory] ([ProductID], [LocationID], [Sell], [Quantity]) VALUES	(949, 1, 1, 265)
INSERT [dbo].[ProductInventory] ([ProductID], [LocationID], [Sell], [Quantity]) VALUES	(949, 5, 14, 336)
INSERT [dbo].[ProductInventory] ([ProductID], [LocationID], [Sell], [Quantity]) VALUES	(949, 50, 30, 284)
INSERT [dbo].[ProductInventory] ([ProductID], [LocationID], [Sell], [Quantity]) VALUES	(950, 1, 2, 272)
INSERT [dbo].[ProductInventory] ([ProductID], [LocationID], [Sell], [Quantity]) VALUES	(950, 5, 15, 342)
INSERT [dbo].[ProductInventory] ([ProductID], [LocationID], [Sell], [Quantity]) VALUES	(950, 50, 31, 291)
INSERT [dbo].[ProductInventory] ([ProductID], [LocationID], [Sell], [Quantity]) VALUES	(951, 1, 3, 278)
INSERT [dbo].[ProductInventory] ([ProductID], [LocationID], [Sell], [Quantity]) VALUES	(951, 5, 16, 348)
INSERT [dbo].[ProductInventory] ([ProductID], [LocationID], [Sell], [Quantity]) VALUES	(951, 50, 32, 297)
INSERT [dbo].[ProductInventory] ([ProductID], [LocationID], [Sell], [Quantity]) VALUES	(952, 1, 5, 236)
INSERT [dbo].[ProductInventory] ([ProductID], [LocationID], [Sell], [Quantity]) VALUES	(952, 5, 5, 192)
INSERT [dbo].[ProductInventory] ([ProductID], [LocationID], [Sell], [Quantity]) VALUES	(952, 50, 25, 161)
INSERT [dbo].[ProductInventory] ([ProductID], [LocationID], [Sell], [Quantity]) VALUES	(953, 7, 0, 116)
INSERT [dbo].[ProductInventory] ([ProductID], [LocationID], [Sell], [Quantity]) VALUES	(953, 60, 0, 49)
INSERT [dbo].[ProductInventory] ([ProductID], [LocationID], [Sell], [Quantity]) VALUES	(954, 7, 0, 65)
INSERT [dbo].[ProductInventory] ([ProductID], [LocationID], [Sell], [Quantity]) VALUES	(954, 60, 0, 83)
INSERT [dbo].[ProductInventory] ([ProductID], [LocationID], [Sell], [Quantity]) VALUES	(955, 7, 0, 75)
INSERT [dbo].[ProductInventory] ([ProductID], [LocationID], [Sell], [Quantity]) VALUES	(955, 60, 0, 62)
INSERT [dbo].[ProductInventory] ([ProductID], [LocationID], [Sell], [Quantity]) VALUES	(956, 7, 0, 35)
INSERT [dbo].[ProductInventory] ([ProductID], [LocationID], [Sell], [Quantity]) VALUES	(956, 60, 0, 40)
INSERT [dbo].[ProductInventory] ([ProductID], [LocationID], [Sell], [Quantity]) VALUES	(957, 7, 0, 51)
INSERT [dbo].[ProductInventory] ([ProductID], [LocationID], [Sell], [Quantity]) VALUES	(957, 60, 0, 100)
INSERT [dbo].[ProductInventory] ([ProductID], [LocationID], [Sell], [Quantity]) VALUES	(958, 7, 0, 128)
INSERT [dbo].[ProductInventory] ([ProductID], [LocationID], [Sell], [Quantity]) VALUES	(958, 60, 0, 35)
INSERT [dbo].[ProductInventory] ([ProductID], [LocationID], [Sell], [Quantity]) VALUES	(959, 7, 0, 83)
INSERT [dbo].[ProductInventory] ([ProductID], [LocationID], [Sell], [Quantity]) VALUES	(959, 60, 0, 121)
INSERT [dbo].[ProductInventory] ([ProductID], [LocationID], [Sell], [Quantity]) VALUES	(960, 7, 0, 54)
INSERT [dbo].[ProductInventory] ([ProductID], [LocationID], [Sell], [Quantity]) VALUES	(960, 60, 0, 105)
INSERT [dbo].[ProductInventory] ([ProductID], [LocationID], [Sell], [Quantity]) VALUES	(961, 7, 0, 88)
INSERT [dbo].[ProductInventory] ([ProductID], [LocationID], [Sell], [Quantity]) VALUES	(961, 60, 0, 80)
INSERT [dbo].[ProductInventory] ([ProductID], [LocationID], [Sell], [Quantity]) VALUES	(962, 7, 0, 67)
INSERT [dbo].[ProductInventory] ([ProductID], [LocationID], [Sell], [Quantity]) VALUES	(962, 60, 0, 107)
INSERT [dbo].[ProductInventory] ([ProductID], [LocationID], [Sell], [Quantity]) VALUES	(963, 7, 0, 126)
INSERT [dbo].[ProductInventory] ([ProductID], [LocationID], [Sell], [Quantity]) VALUES	(963, 60, 0, 36)
INSERT [dbo].[ProductInventory] ([ProductID], [LocationID], [Sell], [Quantity]) VALUES	(964, 7, 0, 81)
INSERT [dbo].[ProductInventory] ([ProductID], [LocationID], [Sell], [Quantity]) VALUES	(964, 60, 0, 116)
INSERT [dbo].[ProductInventory] ([ProductID], [LocationID], [Sell], [Quantity]) VALUES	(965, 7, 0, 91)
INSERT [dbo].[ProductInventory] ([ProductID], [LocationID], [Sell], [Quantity]) VALUES	(965, 60, 0, 72)
INSERT [dbo].[ProductInventory] ([ProductID], [LocationID], [Sell], [Quantity]) VALUES	(966, 7, 0, 99)
INSERT [dbo].[ProductInventory] ([ProductID], [LocationID], [Sell], [Quantity]) VALUES	(966, 60, 0, 86)
INSERT [dbo].[ProductInventory] ([ProductID], [LocationID], [Sell], [Quantity]) VALUES	(967, 7, 0, 67)
INSERT [dbo].[ProductInventory] ([ProductID], [LocationID], [Sell], [Quantity]) VALUES	(967, 60, 0, 81)
INSERT [dbo].[ProductInventory] ([ProductID], [LocationID], [Sell], [Quantity]) VALUES	(968, 7, 0, 73)
INSERT [dbo].[ProductInventory] ([ProductID], [LocationID], [Sell], [Quantity]) VALUES	(968, 60, 0, 60)
INSERT [dbo].[ProductInventory] ([ProductID], [LocationID], [Sell], [Quantity]) VALUES	(969, 7, 0, 30)
INSERT [dbo].[ProductInventory] ([ProductID], [LocationID], [Sell], [Quantity]) VALUES	(969, 60, 0, 99)
INSERT [dbo].[ProductInventory] ([ProductID], [LocationID], [Sell], [Quantity]) VALUES	(970, 7, 0, 73)
INSERT [dbo].[ProductInventory] ([ProductID], [LocationID], [Sell], [Quantity]) VALUES	(970, 60, 0, 60)
INSERT [dbo].[ProductInventory] ([ProductID], [LocationID], [Sell], [Quantity]) VALUES	(971, 7, 0, 104)
INSERT [dbo].[ProductInventory] ([ProductID], [LocationID], [Sell], [Quantity]) VALUES	(971, 60, 0, 123)
INSERT [dbo].[ProductInventory] ([ProductID], [LocationID], [Sell], [Quantity]) VALUES	(972, 7, 0, 30)
INSERT [dbo].[ProductInventory] ([ProductID], [LocationID], [Sell], [Quantity]) VALUES	(972, 60, 0, 99)
INSERT [dbo].[ProductInventory] ([ProductID], [LocationID], [Sell], [Quantity]) VALUES	(973, 7, 0, 99)
INSERT [dbo].[ProductInventory] ([ProductID], [LocationID], [Sell], [Quantity]) VALUES	(973, 60, 0, 86)
INSERT [dbo].[ProductInventory] ([ProductID], [LocationID], [Sell], [Quantity]) VALUES	(974, 7, 0, 67)
INSERT [dbo].[ProductInventory] ([ProductID], [LocationID], [Sell], [Quantity]) VALUES	(974, 60, 0, 81)
INSERT [dbo].[ProductInventory] ([ProductID], [LocationID], [Sell], [Quantity]) VALUES	(975, 7, 0, 73)
INSERT [dbo].[ProductInventory] ([ProductID], [LocationID], [Sell], [Quantity]) VALUES	(975, 60, 0, 60)
INSERT [dbo].[ProductInventory] ([ProductID], [LocationID], [Sell], [Quantity]) VALUES	(976, 7, 0, 104)
INSERT [dbo].[ProductInventory] ([ProductID], [LocationID], [Sell], [Quantity]) VALUES	(976, 60, 0, 123)
INSERT [dbo].[ProductInventory] ([ProductID], [LocationID], [Sell], [Quantity]) VALUES	(977, 7, 0, 88)
INSERT [dbo].[ProductInventory] ([ProductID], [LocationID], [Sell], [Quantity]) VALUES	(977, 60, 0, 65)
INSERT [dbo].[ProductInventory] ([ProductID], [LocationID], [Sell], [Quantity]) VALUES	(978, 7, 0, 91)
INSERT [dbo].[ProductInventory] ([ProductID], [LocationID], [Sell], [Quantity]) VALUES	(978, 60, 0, 72)
INSERT [dbo].[ProductInventory] ([ProductID], [LocationID], [Sell], [Quantity]) VALUES	(979, 7, 0, 86)
INSERT [dbo].[ProductInventory] ([ProductID], [LocationID], [Sell], [Quantity]) VALUES	(979, 60, 0, 78)
INSERT [dbo].[ProductInventory] ([ProductID], [LocationID], [Sell], [Quantity]) VALUES	(980, 7, 0, 51)
INSERT [dbo].[ProductInventory] ([ProductID], [LocationID], [Sell], [Quantity]) VALUES	(980, 60, 0, 99)
INSERT [dbo].[ProductInventory] ([ProductID], [LocationID], [Sell], [Quantity]) VALUES	(981, 7, 0, 86)
INSERT [dbo].[ProductInventory] ([ProductID], [LocationID], [Sell], [Quantity]) VALUES	(981, 60, 0, 67)
INSERT [dbo].[ProductInventory] ([ProductID], [LocationID], [Sell], [Quantity]) VALUES	(982, 7, 0, 81)
INSERT [dbo].[ProductInventory] ([ProductID], [LocationID], [Sell], [Quantity]) VALUES	(982, 60, 0, 73)
INSERT [dbo].[ProductInventory] ([ProductID], [LocationID], [Sell], [Quantity]) VALUES	(983, 7, 0, 60)
INSERT [dbo].[ProductInventory] ([ProductID], [LocationID], [Sell], [Quantity]) VALUES	(983, 60, 0, 104)
INSERT [dbo].[ProductInventory] ([ProductID], [LocationID], [Sell], [Quantity]) VALUES	(984, 7, 0, 81)
GO	
INSERT [dbo].[ProductInventory] ([ProductID], [LocationID], [Sell], [Quantity]) VALUES	(984, 60, 0, 73)
INSERT [dbo].[ProductInventory] ([ProductID], [LocationID], [Sell], [Quantity]) VALUES	(985, 7, 0, 60)
INSERT [dbo].[ProductInventory] ([ProductID], [LocationID], [Sell], [Quantity]) VALUES	(985, 60, 0, 104)
INSERT [dbo].[ProductInventory] ([ProductID], [LocationID], [Sell], [Quantity]) VALUES	(986, 7, 0, 123)
INSERT [dbo].[ProductInventory] ([ProductID], [LocationID], [Sell], [Quantity]) VALUES	(986, 60, 0, 30)
INSERT [dbo].[ProductInventory] ([ProductID], [LocationID], [Sell], [Quantity]) VALUES	(987, 7, 0, 99)
INSERT [dbo].[ProductInventory] ([ProductID], [LocationID], [Sell], [Quantity]) VALUES	(987, 60, 0, 56)
INSERT [dbo].[ProductInventory] ([ProductID], [LocationID], [Sell], [Quantity]) VALUES	(988, 7, 0, 78)
INSERT [dbo].[ProductInventory] ([ProductID], [LocationID], [Sell], [Quantity]) VALUES	(988, 60, 0, 116)
INSERT [dbo].[ProductInventory] ([ProductID], [LocationID], [Sell], [Quantity]) VALUES	(989, 7, 0, 51)
INSERT [dbo].[ProductInventory] ([ProductID], [LocationID], [Sell], [Quantity]) VALUES	(989, 60, 0, 99)
INSERT [dbo].[ProductInventory] ([ProductID], [LocationID], [Sell], [Quantity]) VALUES	(990, 7, 0, 86)
INSERT [dbo].[ProductInventory] ([ProductID], [LocationID], [Sell], [Quantity]) VALUES	(990, 60, 0, 67)
INSERT [dbo].[ProductInventory] ([ProductID], [LocationID], [Sell], [Quantity]) VALUES	(991, 7, 0, 81)
INSERT [dbo].[ProductInventory] ([ProductID], [LocationID], [Sell], [Quantity]) VALUES	(991, 60, 0, 73)
INSERT [dbo].[ProductInventory] ([ProductID], [LocationID], [Sell], [Quantity]) VALUES	(992, 7, 0, 60)
INSERT [dbo].[ProductInventory] ([ProductID], [LocationID], [Sell], [Quantity]) VALUES	(992, 60, 0, 104)
INSERT [dbo].[ProductInventory] ([ProductID], [LocationID], [Sell], [Quantity]) VALUES	(993, 7, 0, 123)
INSERT [dbo].[ProductInventory] ([ProductID], [LocationID], [Sell], [Quantity]) VALUES	(993, 60, 0, 30)
INSERT [dbo].[ProductInventory] ([ProductID], [LocationID], [Sell], [Quantity]) VALUES	(891, 1, 3, 244)
INSERT [dbo].[ProductInventory] ([ProductID], [LocationID], [Sell], [Quantity]) VALUES	(891, 6, 6, 358)
INSERT [dbo].[ProductInventory] ([ProductID], [LocationID], [Sell], [Quantity]) VALUES	(891, 50, 7, 212)
INSERT [dbo].[ProductInventory] ([ProductID], [LocationID], [Sell], [Quantity]) VALUES	(892, 1, 4, 230)
INSERT [dbo].[ProductInventory] ([ProductID], [LocationID], [Sell], [Quantity]) VALUES	(892, 6, 7, 321)
INSERT [dbo].[ProductInventory] ([ProductID], [LocationID], [Sell], [Quantity]) VALUES	(892, 50, 8, 265)
INSERT [dbo].[ProductInventory] ([ProductID], [LocationID], [Sell], [Quantity]) VALUES	(893, 1, 5, 321)
INSERT [dbo].[ProductInventory] ([ProductID], [LocationID], [Sell], [Quantity]) VALUES	(893, 6, 8, 475)
INSERT [dbo].[ProductInventory] ([ProductID], [LocationID], [Sell], [Quantity]) VALUES	(893, 50, 9, 174)
INSERT [dbo].[ProductInventory] ([ProductID], [LocationID], [Sell], [Quantity]) VALUES	(997, 7, 0, 123)
INSERT [dbo].[ProductInventory] ([ProductID], [LocationID], [Sell], [Quantity]) VALUES	(997, 60, 0, 30)
INSERT [dbo].[ProductInventory] ([ProductID], [LocationID], [Sell], [Quantity]) VALUES	(998, 7, 0, 99)
INSERT [dbo].[ProductInventory] ([ProductID], [LocationID], [Sell], [Quantity]) VALUES	(998, 60, 0, 56)
INSERT [dbo].[ProductInventory] ([ProductID], [LocationID], [Sell], [Quantity]) VALUES	(999, 7, 0, 78)
INSERT [dbo].[ProductInventory] ([ProductID], [LocationID], [Sell], [Quantity]) VALUES	(999, 60, 0, 116)
GO
INSERT [dbo].[ProductHistory] ([ProductID], [StartDate], [EndDate], [Price]) VALUES (680, CAST(N'2021-07-01T00:00:00.000' AS DateTime), CAST(N'2022-01-30T00:00:00.000' AS DateTime), 1431.5000)
INSERT [dbo].[ProductHistory] ([ProductID], [StartDate], [EndDate], [Price]) VALUES (706, CAST(N'2021-07-01T00:00:00.000' AS DateTime), CAST(N'2022-01-30T00:00:00.000' AS DateTime),1431.5000)
INSERT [dbo].[ProductHistory] ([ProductID], [StartDate], [EndDate], [Price]) VALUES (707, CAST(N'2021-07-01T00:00:00.000' AS DateTime), CAST(N'2022-01-30T00:00:00.000' AS DateTime), 33.6442)
INSERT [dbo].[ProductHistory] ([ProductID], [StartDate], [EndDate], [Price]) VALUES (707, CAST(N'2019-07-01T00:00:00.000' AS DateTime), CAST(N'2021-06-30T00:00:00.000' AS DateTime), 33.6442)
INSERT [dbo].[ProductHistory] ([ProductID], [StartDate], [EndDate], [Price]) VALUES (707, CAST(N'2020-07-01T00:00:00.000' AS DateTime), NULL, 34.9900)
INSERT [dbo].[ProductHistory] ([ProductID], [StartDate], [EndDate], [Price]) VALUES (708, CAST(N'2021-07-01T00:00:00.000' AS DateTime), CAST(N'2022-01-30T00:00:00.000' AS DateTime), 33.6442)
INSERT [dbo].[ProductHistory] ([ProductID], [StartDate], [EndDate], [Price]) VALUES (708, CAST(N'2019-07-01T00:00:00.000' AS DateTime), CAST(N'2021-06-30T00:00:00.000' AS DateTime), 33.6442)
INSERT [dbo].[ProductHistory] ([ProductID], [StartDate], [EndDate], [Price]) VALUES (708, CAST(N'2020-07-01T00:00:00.000' AS DateTime), NULL, 34.9900)
INSERT [dbo].[ProductHistory] ([ProductID], [StartDate], [EndDate], [Price]) VALUES (711, CAST(N'2021-07-01T00:00:00.000' AS DateTime), CAST(N'2022-01-30T00:00:00.000' AS DateTime), 33.6442)
INSERT [dbo].[ProductHistory] ([ProductID], [StartDate], [EndDate], [Price]) VALUES (711, CAST(N'2019-07-01T00:00:00.000' AS DateTime), CAST(N'2021-06-30T00:00:00.000' AS DateTime), 33.6442)
INSERT [dbo].[ProductHistory] ([ProductID], [StartDate], [EndDate], [Price]) VALUES (711, CAST(N'2020-07-01T00:00:00.000' AS DateTime), NULL, 34.9900)
INSERT [dbo].[ProductHistory] ([ProductID], [StartDate], [EndDate], [Price]) VALUES (717, CAST(N'2021-07-01T00:00:00.000' AS DateTime), CAST(N'2022-01-30T00:00:00.000' AS DateTime), 1263.4598)
INSERT [dbo].[ProductHistory] ([ProductID], [StartDate], [EndDate], [Price]) VALUES (717, CAST(N'2019-07-01T00:00:00.000' AS DateTime), CAST(N'2021-06-30T00:00:00.000' AS DateTime), 1301.3636)
INSERT [dbo].[ProductHistory] ([ProductID], [StartDate], [EndDate], [Price]) VALUES (717, CAST(N'2020-07-01T00:00:00.000' AS DateTime), NULL, 1431.5000)
INSERT [dbo].[ProductHistory] ([ProductID], [StartDate], [EndDate], [Price]) VALUES (718, CAST(N'2021-07-01T00:00:00.000' AS DateTime), CAST(N'2022-01-30T00:00:00.000' AS DateTime), 1263.4598)
INSERT [dbo].[ProductHistory] ([ProductID], [StartDate], [EndDate], [Price]) VALUES (718, CAST(N'2019-07-01T00:00:00.000' AS DateTime), CAST(N'2021-06-30T00:00:00.000' AS DateTime), 1301.3636)
INSERT [dbo].[ProductHistory] ([ProductID], [StartDate], [EndDate], [Price]) VALUES (718, CAST(N'2020-07-01T00:00:00.000' AS DateTime), NULL, 1431.5000)
INSERT [dbo].[ProductHistory] ([ProductID], [StartDate], [EndDate], [Price]) VALUES (719, CAST(N'2021-07-01T00:00:00.000' AS DateTime), CAST(N'2022-01-30T00:00:00.000' AS DateTime), 1263.4598)
INSERT [dbo].[ProductHistory] ([ProductID], [StartDate], [EndDate], [Price]) VALUES (719, CAST(N'2019-07-01T00:00:00.000' AS DateTime), CAST(N'2021-06-30T00:00:00.000' AS DateTime), 1301.3636)
INSERT [dbo].[ProductHistory] ([ProductID], [StartDate], [EndDate], [Price]) VALUES (719, CAST(N'2020-07-01T00:00:00.000' AS DateTime), NULL, 1431.5000)
INSERT [dbo].[ProductHistory] ([ProductID], [StartDate], [EndDate], [Price]) VALUES (720, CAST(N'2021-07-01T00:00:00.000' AS DateTime), CAST(N'2022-01-30T00:00:00.000' AS DateTime), 1263.4598)
INSERT [dbo].[ProductHistory] ([ProductID], [StartDate], [EndDate], [Price]) VALUES (720, CAST(N'2019-07-01T00:00:00.000' AS DateTime), CAST(N'2021-06-30T00:00:00.000' AS DateTime), 1301.3636)
INSERT [dbo].[ProductHistory] ([ProductID], [StartDate], [EndDate], [Price]) VALUES (720, CAST(N'2020-07-01T00:00:00.000' AS DateTime), NULL, 1431.5000)
INSERT [dbo].[ProductHistory] ([ProductID], [StartDate], [EndDate], [Price]) VALUES (721, CAST(N'2021-07-01T00:00:00.000' AS DateTime), CAST(N'2022-01-30T00:00:00.000' AS DateTime), 1263.4598)
INSERT [dbo].[ProductHistory] ([ProductID], [StartDate], [EndDate], [Price]) VALUES (721, CAST(N'2019-07-01T00:00:00.000' AS DateTime), CAST(N'2021-06-30T00:00:00.000' AS DateTime), 1301.3636)
INSERT [dbo].[ProductHistory] ([ProductID], [StartDate], [EndDate], [Price]) VALUES (721, CAST(N'2020-07-01T00:00:00.000' AS DateTime), NULL, 1431.5000)
INSERT [dbo].[ProductHistory] ([ProductID], [StartDate], [EndDate], [Price]) VALUES (722, CAST(N'2021-07-01T00:00:00.000' AS DateTime), CAST(N'2022-01-30T00:00:00.000' AS DateTime), 297.6346)
INSERT [dbo].[ProductHistory] ([ProductID], [StartDate], [EndDate], [Price]) VALUES (722, CAST(N'2019-07-01T00:00:00.000' AS DateTime), CAST(N'2021-06-30T00:00:00.000' AS DateTime), 306.5636)
INSERT [dbo].[ProductHistory] ([ProductID], [StartDate], [EndDate], [Price]) VALUES (722, CAST(N'2020-07-01T00:00:00.000' AS DateTime), NULL, 337.2200)
INSERT [dbo].[ProductHistory] ([ProductID], [StartDate], [EndDate], [Price]) VALUES (723, CAST(N'2021-07-01T00:00:00.000' AS DateTime), CAST(N'2022-01-30T00:00:00.000' AS DateTime), 297.6346)
INSERT [dbo].[ProductHistory] ([ProductID], [StartDate], [EndDate], [Price]) VALUES (723, CAST(N'2019-07-01T00:00:00.000' AS DateTime), CAST(N'2021-06-30T00:00:00.000' AS DateTime), 306.5636)
INSERT [dbo].[ProductHistory] ([ProductID], [StartDate], [EndDate], [Price]) VALUES (723, CAST(N'2020-07-01T00:00:00.000' AS DateTime), NULL, 337.2200)
INSERT [dbo].[ProductHistory] ([ProductID], [StartDate], [EndDate], [Price]) VALUES (724, CAST(N'2021-07-01T00:00:00.000' AS DateTime), CAST(N'2022-01-30T00:00:00.000' AS DateTime), 297.6346)
INSERT [dbo].[ProductHistory] ([ProductID], [StartDate], [EndDate], [Price]) VALUES (724, CAST(N'2019-07-01T00:00:00.000' AS DateTime), CAST(N'2021-06-30T00:00:00.000' AS DateTime), 306.5636)
INSERT [dbo].[ProductHistory] ([ProductID], [StartDate], [EndDate], [Price]) VALUES (724, CAST(N'2020-07-01T00:00:00.000' AS DateTime), NULL, 337.2200)
INSERT [dbo].[ProductHistory] ([ProductID], [StartDate], [EndDate], [Price]) VALUES (725, CAST(N'2021-07-01T00:00:00.000' AS DateTime), CAST(N'2022-01-30T00:00:00.000' AS DateTime), 306.5636)
INSERT [dbo].[ProductHistory] ([ProductID], [StartDate], [EndDate], [Price]) VALUES (725, CAST(N'2019-07-01T00:00:00.000' AS DateTime), CAST(N'2021-06-30T00:00:00.000' AS DateTime), 337.2200)
INSERT [dbo].[ProductHistory] ([ProductID], [StartDate], [EndDate], [Price]) VALUES (726, CAST(N'2021-07-01T00:00:00.000' AS DateTime), CAST(N'2022-01-30T00:00:00.000' AS DateTime), 306.5636)
INSERT [dbo].[ProductHistory] ([ProductID], [StartDate], [EndDate], [Price]) VALUES (726, CAST(N'2019-07-01T00:00:00.000' AS DateTime), CAST(N'2021-06-30T00:00:00.000' AS DateTime), 337.2200)
INSERT [dbo].[ProductHistory] ([ProductID], [StartDate], [EndDate], [Price]) VALUES (727, CAST(N'2021-07-01T00:00:00.000' AS DateTime), CAST(N'2022-01-30T00:00:00.000' AS DateTime), 306.5636)
INSERT [dbo].[ProductHistory] ([ProductID], [StartDate], [EndDate], [Price]) VALUES (727, CAST(N'2019-07-01T00:00:00.000' AS DateTime), CAST(N'2021-06-30T00:00:00.000' AS DateTime), 337.2200)
INSERT [dbo].[ProductHistory] ([ProductID], [StartDate], [EndDate], [Price]) VALUES (728, CAST(N'2021-07-01T00:00:00.000' AS DateTime), CAST(N'2022-01-30T00:00:00.000' AS DateTime), 306.5636)
INSERT [dbo].[ProductHistory] ([ProductID], [StartDate], [EndDate], [Price]) VALUES (728, CAST(N'2019-07-01T00:00:00.000' AS DateTime), CAST(N'2021-06-30T00:00:00.000' AS DateTime), 337.2200)
INSERT [dbo].[ProductHistory] ([ProductID], [StartDate], [EndDate], [Price]) VALUES (729, CAST(N'2021-07-01T00:00:00.000' AS DateTime), CAST(N'2022-01-30T00:00:00.000' AS DateTime), 306.5636)
INSERT [dbo].[ProductHistory] ([ProductID], [StartDate], [EndDate], [Price]) VALUES (729, CAST(N'2019-07-01T00:00:00.000' AS DateTime), CAST(N'2021-06-30T00:00:00.000' AS DateTime), 337.2200)
INSERT [dbo].[ProductHistory] ([ProductID], [StartDate], [EndDate], [Price]) VALUES (730, CAST(N'2021-07-01T00:00:00.000' AS DateTime), CAST(N'2022-01-30T00:00:00.000' AS DateTime), 306.5636)
INSERT [dbo].[ProductHistory] ([ProductID], [StartDate], [EndDate], [Price]) VALUES (730, CAST(N'2019-07-01T00:00:00.000' AS DateTime), CAST(N'2021-06-30T00:00:00.000' AS DateTime), 337.2200)
INSERT [dbo].[ProductHistory] ([ProductID], [StartDate], [EndDate], [Price]) VALUES (731, CAST(N'2021-07-01T00:00:00.000' AS DateTime), CAST(N'2022-01-30T00:00:00.000' AS DateTime), 594.8300)
INSERT [dbo].[ProductHistory] ([ProductID], [StartDate], [EndDate], [Price]) VALUES (732, CAST(N'2021-07-01T00:00:00.000' AS DateTime), CAST(N'2022-01-30T00:00:00.000' AS DateTime), 594.8300)
INSERT [dbo].[ProductHistory] ([ProductID], [StartDate], [EndDate], [Price]) VALUES (733, CAST(N'2021-07-01T00:00:00.000' AS DateTime), CAST(N'2022-01-30T00:00:00.000' AS DateTime), 594.8300)
INSERT [dbo].[ProductHistory] ([ProductID], [StartDate], [EndDate], [Price]) VALUES (734, CAST(N'2021-07-01T00:00:00.000' AS DateTime), CAST(N'2022-01-30T00:00:00.000' AS DateTime), 594.8300)
INSERT [dbo].[ProductHistory] ([ProductID], [StartDate], [EndDate], [Price]) VALUES (735, CAST(N'2021-07-01T00:00:00.000' AS DateTime), CAST(N'2022-01-30T00:00:00.000' AS DateTime), 594.8300)
INSERT [dbo].[ProductHistory] ([ProductID], [StartDate], [EndDate], [Price]) VALUES (736, CAST(N'2021-07-01T00:00:00.000' AS DateTime), CAST(N'2022-01-30T00:00:00.000' AS DateTime), 297.6346)
INSERT [dbo].[ProductHistory] ([ProductID], [StartDate], [EndDate], [Price]) VALUES (736, CAST(N'2019-07-01T00:00:00.000' AS DateTime), CAST(N'2021-06-30T00:00:00.000' AS DateTime), 306.5636)
INSERT [dbo].[ProductHistory] ([ProductID], [StartDate], [EndDate], [Price]) VALUES (736, CAST(N'2020-07-01T00:00:00.000' AS DateTime), NULL, 337.2200)
INSERT [dbo].[ProductHistory] ([ProductID], [StartDate], [EndDate], [Price]) VALUES (737, CAST(N'2021-07-01T00:00:00.000' AS DateTime), CAST(N'2022-01-30T00:00:00.000' AS DateTime), 297.6346)
INSERT [dbo].[ProductHistory] ([ProductID], [StartDate], [EndDate], [Price]) VALUES (737, CAST(N'2019-07-01T00:00:00.000' AS DateTime), CAST(N'2021-06-30T00:00:00.000' AS DateTime), 306.5636)
INSERT [dbo].[ProductHistory] ([ProductID], [StartDate], [EndDate], [Price]) VALUES (737, CAST(N'2020-07-01T00:00:00.000' AS DateTime), NULL, 337.2200)
INSERT [dbo].[ProductHistory] ([ProductID], [StartDate], [EndDate], [Price]) VALUES (738, CAST(N'2021-07-01T00:00:00.000' AS DateTime), CAST(N'2022-01-30T00:00:00.000' AS DateTime), 297.6346)
INSERT [dbo].[ProductHistory] ([ProductID], [StartDate], [EndDate], [Price]) VALUES (738, CAST(N'2019-07-01T00:00:00.000' AS DateTime), CAST(N'2021-06-30T00:00:00.000' AS DateTime), 306.5636)
INSERT [dbo].[ProductHistory] ([ProductID], [StartDate], [EndDate], [Price]) VALUES (738, CAST(N'2020-07-01T00:00:00.000' AS DateTime), NULL, 337.2200)
INSERT [dbo].[ProductHistory] ([ProductID], [StartDate], [EndDate], [Price]) VALUES (739, CAST(N'2021-07-01T00:00:00.000' AS DateTime), CAST(N'2022-01-30T00:00:00.000' AS DateTime), 1204.3248)
INSERT [dbo].[ProductHistory] ([ProductID], [StartDate], [EndDate], [Price]) VALUES (739, CAST(N'2019-07-01T00:00:00.000' AS DateTime), CAST(N'2021-06-30T00:00:00.000' AS DateTime), 1240.4545)
INSERT [dbo].[ProductHistory] ([ProductID], [StartDate], [EndDate], [Price]) VALUES (739, CAST(N'2020-07-01T00:00:00.000' AS DateTime), NULL, 1364.5000)
INSERT [dbo].[ProductHistory] ([ProductID], [StartDate], [EndDate], [Price]) VALUES (740, CAST(N'2021-07-01T00:00:00.000' AS DateTime), CAST(N'2022-01-30T00:00:00.000' AS DateTime), 1364.5000)
INSERT [dbo].[ProductHistory] ([ProductID], [StartDate], [EndDate], [Price]) VALUES (741, CAST(N'2021-07-01T00:00:00.000' AS DateTime), CAST(N'2022-01-30T00:00:00.000' AS DateTime), 1364.5000)
INSERT [dbo].[ProductHistory] ([ProductID], [StartDate], [EndDate], [Price]) VALUES (742, CAST(N'2021-07-01T00:00:00.000' AS DateTime), CAST(N'2022-01-30T00:00:00.000' AS DateTime), 1204.3248)
INSERT [dbo].[ProductHistory] ([ProductID], [StartDate], [EndDate], [Price]) VALUES (742, CAST(N'2019-07-01T00:00:00.000' AS DateTime), CAST(N'2021-06-30T00:00:00.000' AS DateTime), 1240.4545)
INSERT [dbo].[ProductHistory] ([ProductID], [StartDate], [EndDate], [Price]) VALUES (742, CAST(N'2020-07-01T00:00:00.000' AS DateTime), NULL, 1364.5000)
INSERT [dbo].[ProductHistory] ([ProductID], [StartDate], [EndDate], [Price]) VALUES (743, CAST(N'2021-07-01T00:00:00.000' AS DateTime), CAST(N'2022-01-30T00:00:00.000' AS DateTime), 1191.1739)
INSERT [dbo].[ProductHistory] ([ProductID], [StartDate], [EndDate], [Price]) VALUES (743, CAST(N'2019-07-01T00:00:00.000' AS DateTime), CAST(N'2021-06-30T00:00:00.000' AS DateTime), 1226.9091)
INSERT [dbo].[ProductHistory] ([ProductID], [StartDate], [EndDate], [Price]) VALUES (743, CAST(N'2020-07-01T00:00:00.000' AS DateTime), NULL, 1349.6000)
INSERT [dbo].[ProductHistory] ([ProductID], [StartDate], [EndDate], [Price]) VALUES (744, CAST(N'2021-07-01T00:00:00.000' AS DateTime), CAST(N'2022-01-30T00:00:00.000' AS DateTime), 1349.6000)
INSERT [dbo].[ProductHistory] ([ProductID], [StartDate], [EndDate], [Price]) VALUES (745, CAST(N'2021-07-01T00:00:00.000' AS DateTime), CAST(N'2022-01-30T00:00:00.000' AS DateTime), 1349.6000)
INSERT [dbo].[ProductHistory] ([ProductID], [StartDate], [EndDate], [Price]) VALUES (746, CAST(N'2021-07-01T00:00:00.000' AS DateTime), CAST(N'2022-01-30T00:00:00.000' AS DateTime), 1191.1739)
INSERT [dbo].[ProductHistory] ([ProductID], [StartDate], [EndDate], [Price]) VALUES (746, CAST(N'2019-07-01T00:00:00.000' AS DateTime), CAST(N'2021-06-30T00:00:00.000' AS DateTime), 1226.9091)
INSERT [dbo].[ProductHistory] ([ProductID], [StartDate], [EndDate], [Price]) VALUES (746, CAST(N'2020-07-01T00:00:00.000' AS DateTime), NULL, 1349.6000)
INSERT [dbo].[ProductHistory] ([ProductID], [StartDate], [EndDate], [Price]) VALUES (747, CAST(N'2021-07-01T00:00:00.000' AS DateTime), CAST(N'2022-01-30T00:00:00.000' AS DateTime), 1191.1739)
INSERT [dbo].[ProductHistory] ([ProductID], [StartDate], [EndDate], [Price]) VALUES (747, CAST(N'2019-07-01T00:00:00.000' AS DateTime), CAST(N'2021-06-30T00:00:00.000' AS DateTime), 1226.9091)
INSERT [dbo].[ProductHistory] ([ProductID], [StartDate], [EndDate], [Price]) VALUES (747, CAST(N'2020-07-01T00:00:00.000' AS DateTime), NULL, 1349.6000)
INSERT [dbo].[ProductHistory] ([ProductID], [StartDate], [EndDate], [Price]) VALUES (748, CAST(N'2021-07-01T00:00:00.000' AS DateTime), CAST(N'2022-01-30T00:00:00.000' AS DateTime), 1204.3248)
INSERT [dbo].[ProductHistory] ([ProductID], [StartDate], [EndDate], [Price]) VALUES (748, CAST(N'2019-07-01T00:00:00.000' AS DateTime), CAST(N'2021-06-30T00:00:00.000' AS DateTime), 1240.4545)
INSERT [dbo].[ProductHistory] ([ProductID], [StartDate], [EndDate], [Price]) VALUES (748, CAST(N'2020-07-01T00:00:00.000' AS DateTime), NULL, 1364.5000)
INSERT [dbo].[ProductHistory] ([ProductID], [StartDate], [EndDate], [Price]) VALUES (749, CAST(N'2021-07-01T00:00:00.000' AS DateTime), CAST(N'2022-01-30T00:00:00.000' AS DateTime), 3578.2700)
INSERT [dbo].[ProductHistory] ([ProductID], [StartDate], [EndDate], [Price]) VALUES (750, CAST(N'2021-07-01T00:00:00.000' AS DateTime), CAST(N'2022-01-30T00:00:00.000' AS DateTime), 3578.2700)
INSERT [dbo].[ProductHistory] ([ProductID], [StartDate], [EndDate], [Price]) VALUES (751, CAST(N'2021-07-01T00:00:00.000' AS DateTime), CAST(N'2022-01-30T00:00:00.000' AS DateTime), 3578.2700)
INSERT [dbo].[ProductHistory] ([ProductID], [StartDate], [EndDate], [Price]) VALUES (752, CAST(N'2021-07-01T00:00:00.000' AS DateTime), CAST(N'2022-01-30T00:00:00.000' AS DateTime), 3578.2700)
INSERT [dbo].[ProductHistory] ([ProductID], [StartDate], [EndDate], [Price]) VALUES (753, CAST(N'2021-07-01T00:00:00.000' AS DateTime), CAST(N'2022-01-30T00:00:00.000' AS DateTime), 3578.2700)
INSERT [dbo].[ProductHistory] ([ProductID], [StartDate], [EndDate], [Price]) VALUES (754, CAST(N'2021-07-01T00:00:00.000' AS DateTime), CAST(N'2022-01-30T00:00:00.000' AS DateTime), 1457.9900)
INSERT [dbo].[ProductHistory] ([ProductID], [StartDate], [EndDate], [Price]) VALUES (755, CAST(N'2021-07-01T00:00:00.000' AS DateTime), CAST(N'2022-01-30T00:00:00.000' AS DateTime), 1457.9900)
INSERT [dbo].[ProductHistory] ([ProductID], [StartDate], [EndDate], [Price]) VALUES (756, CAST(N'2021-07-01T00:00:00.000' AS DateTime), CAST(N'2022-01-30T00:00:00.000' AS DateTime), 1457.9900)
GO
INSERT [dbo].[ProductHistory] ([ProductID], [StartDate], [EndDate], [Price]) VALUES (757, CAST(N'2021-07-01T00:00:00.000' AS DateTime), CAST(N'2022-01-30T00:00:00.000' AS DateTime), 1457.9900)
INSERT [dbo].[ProductHistory] ([ProductID], [StartDate], [EndDate], [Price]) VALUES (758, CAST(N'2021-07-01T00:00:00.000' AS DateTime), CAST(N'2022-01-30T00:00:00.000' AS DateTime), 1457.9900)
INSERT [dbo].[ProductHistory] ([ProductID], [StartDate], [EndDate], [Price]) VALUES (759, CAST(N'2021-07-01T00:00:00.000' AS DateTime), CAST(N'2022-01-30T00:00:00.000' AS DateTime), 699.0982)
INSERT [dbo].[ProductHistory] ([ProductID], [StartDate], [EndDate], [Price]) VALUES (759, CAST(N'2019-07-01T00:00:00.000' AS DateTime), CAST(N'2021-06-30T00:00:00.000' AS DateTime), 782.9900)
INSERT [dbo].[ProductHistory] ([ProductID], [StartDate], [EndDate], [Price]) VALUES (760, CAST(N'2021-07-01T00:00:00.000' AS DateTime), CAST(N'2022-01-30T00:00:00.000' AS DateTime), 699.0982)
INSERT [dbo].[ProductHistory] ([ProductID], [StartDate], [EndDate], [Price]) VALUES (760, CAST(N'2019-07-01T00:00:00.000' AS DateTime), CAST(N'2021-06-30T00:00:00.000' AS DateTime), 782.9900)
INSERT [dbo].[ProductHistory] ([ProductID], [StartDate], [EndDate], [Price]) VALUES (761, CAST(N'2021-07-01T00:00:00.000' AS DateTime), CAST(N'2022-01-30T00:00:00.000' AS DateTime), 699.0982)
INSERT [dbo].[ProductHistory] ([ProductID], [StartDate], [EndDate], [Price]) VALUES (761, CAST(N'2019-07-01T00:00:00.000' AS DateTime), CAST(N'2021-06-30T00:00:00.000' AS DateTime), 782.9900)
INSERT [dbo].[ProductHistory] ([ProductID], [StartDate], [EndDate], [Price]) VALUES (762, CAST(N'2021-07-01T00:00:00.000' AS DateTime), CAST(N'2022-01-30T00:00:00.000' AS DateTime), 699.0982)
INSERT [dbo].[ProductHistory] ([ProductID], [StartDate], [EndDate], [Price]) VALUES (762, CAST(N'2019-07-01T00:00:00.000' AS DateTime), CAST(N'2021-06-30T00:00:00.000' AS DateTime), 782.9900)
INSERT [dbo].[ProductHistory] ([ProductID], [StartDate], [EndDate], [Price]) VALUES (763, CAST(N'2021-07-01T00:00:00.000' AS DateTime), CAST(N'2022-01-30T00:00:00.000' AS DateTime), 699.0982)
INSERT [dbo].[ProductHistory] ([ProductID], [StartDate], [EndDate], [Price]) VALUES (763, CAST(N'2019-07-01T00:00:00.000' AS DateTime), CAST(N'2021-06-30T00:00:00.000' AS DateTime), 782.9900)
INSERT [dbo].[ProductHistory] ([ProductID], [StartDate], [EndDate], [Price]) VALUES (764, CAST(N'2021-07-01T00:00:00.000' AS DateTime), CAST(N'2022-01-30T00:00:00.000' AS DateTime), 699.0982)
INSERT [dbo].[ProductHistory] ([ProductID], [StartDate], [EndDate], [Price]) VALUES (764, CAST(N'2019-07-01T00:00:00.000' AS DateTime), CAST(N'2021-06-30T00:00:00.000' AS DateTime), 782.9900)
INSERT [dbo].[ProductHistory] ([ProductID], [StartDate], [EndDate], [Price]) VALUES (765, CAST(N'2021-07-01T00:00:00.000' AS DateTime), CAST(N'2022-01-30T00:00:00.000' AS DateTime), 699.0982)
INSERT [dbo].[ProductHistory] ([ProductID], [StartDate], [EndDate], [Price]) VALUES (765, CAST(N'2019-07-01T00:00:00.000' AS DateTime), CAST(N'2021-06-30T00:00:00.000' AS DateTime), 782.9900)
INSERT [dbo].[ProductHistory] ([ProductID], [StartDate], [EndDate], [Price]) VALUES (766, CAST(N'2021-07-01T00:00:00.000' AS DateTime), CAST(N'2022-01-30T00:00:00.000' AS DateTime), 699.0982)
INSERT [dbo].[ProductHistory] ([ProductID], [StartDate], [EndDate], [Price]) VALUES (766, CAST(N'2019-07-01T00:00:00.000' AS DateTime), CAST(N'2021-06-30T00:00:00.000' AS DateTime), 782.9900)
INSERT [dbo].[ProductHistory] ([ProductID], [StartDate], [EndDate], [Price]) VALUES (767, CAST(N'2021-07-01T00:00:00.000' AS DateTime), CAST(N'2022-01-30T00:00:00.000' AS DateTime), 699.0982)
INSERT [dbo].[ProductHistory] ([ProductID], [StartDate], [EndDate], [Price]) VALUES (767, CAST(N'2019-07-01T00:00:00.000' AS DateTime), CAST(N'2021-06-30T00:00:00.000' AS DateTime), 782.9900)
INSERT [dbo].[ProductHistory] ([ProductID], [StartDate], [EndDate], [Price]) VALUES (768, CAST(N'2021-07-01T00:00:00.000' AS DateTime), CAST(N'2022-01-30T00:00:00.000' AS DateTime), 699.0982)
INSERT [dbo].[ProductHistory] ([ProductID], [StartDate], [EndDate], [Price]) VALUES (768, CAST(N'2019-07-01T00:00:00.000' AS DateTime), CAST(N'2021-06-30T00:00:00.000' AS DateTime), 782.9900)
INSERT [dbo].[ProductHistory] ([ProductID], [StartDate], [EndDate], [Price]) VALUES (769, CAST(N'2021-07-01T00:00:00.000' AS DateTime), CAST(N'2022-01-30T00:00:00.000' AS DateTime), 699.0982)
INSERT [dbo].[ProductHistory] ([ProductID], [StartDate], [EndDate], [Price]) VALUES (769, CAST(N'2019-07-01T00:00:00.000' AS DateTime), CAST(N'2021-06-30T00:00:00.000' AS DateTime), 782.9900)
INSERT [dbo].[ProductHistory] ([ProductID], [StartDate], [EndDate], [Price]) VALUES (770, CAST(N'2021-07-01T00:00:00.000' AS DateTime), CAST(N'2022-01-30T00:00:00.000' AS DateTime), 699.0982)
INSERT [dbo].[ProductHistory] ([ProductID], [StartDate], [EndDate], [Price]) VALUES (770, CAST(N'2019-07-01T00:00:00.000' AS DateTime), CAST(N'2021-06-30T00:00:00.000' AS DateTime), 782.9900)
INSERT [dbo].[ProductHistory] ([ProductID], [StartDate], [EndDate], [Price]) VALUES (771, CAST(N'2021-07-01T00:00:00.000' AS DateTime), CAST(N'2022-01-30T00:00:00.000' AS DateTime), 3399.9900)
INSERT [dbo].[ProductHistory] ([ProductID], [StartDate], [EndDate], [Price]) VALUES (772, CAST(N'2021-07-01T00:00:00.000' AS DateTime), CAST(N'2022-01-30T00:00:00.000' AS DateTime), 3399.9900)
INSERT [dbo].[ProductHistory] ([ProductID], [StartDate], [EndDate], [Price]) VALUES (773, CAST(N'2021-07-01T00:00:00.000' AS DateTime), CAST(N'2022-01-30T00:00:00.000' AS DateTime), 3399.9900)
INSERT [dbo].[ProductHistory] ([ProductID], [StartDate], [EndDate], [Price]) VALUES (774, CAST(N'2021-07-01T00:00:00.000' AS DateTime), CAST(N'2022-01-30T00:00:00.000' AS DateTime), 3399.9900)
INSERT [dbo].[ProductHistory] ([ProductID], [StartDate], [EndDate], [Price]) VALUES (775, CAST(N'2021-07-01T00:00:00.000' AS DateTime), CAST(N'2022-01-30T00:00:00.000' AS DateTime), 3374.9900)
INSERT [dbo].[ProductHistory] ([ProductID], [StartDate], [EndDate], [Price]) VALUES (776, CAST(N'2021-07-01T00:00:00.000' AS DateTime), CAST(N'2022-01-30T00:00:00.000' AS DateTime), 3374.9900)
INSERT [dbo].[ProductHistory] ([ProductID], [StartDate], [EndDate], [Price]) VALUES (777, CAST(N'2021-07-01T00:00:00.000' AS DateTime), CAST(N'2022-01-30T00:00:00.000' AS DateTime), 3374.9900)
INSERT [dbo].[ProductHistory] ([ProductID], [StartDate], [EndDate], [Price]) VALUES (778, CAST(N'2021-07-01T00:00:00.000' AS DateTime), CAST(N'2022-01-30T00:00:00.000' AS DateTime), 3374.9900)
INSERT [dbo].[ProductHistory] ([ProductID], [StartDate], [EndDate], [Price]) VALUES (779, CAST(N'2019-07-01T00:00:00.000' AS DateTime), CAST(N'2021-06-30T00:00:00.000' AS DateTime), 2071.4196)
INSERT [dbo].[ProductHistory] ([ProductID], [StartDate], [EndDate], [Price]) VALUES (779, CAST(N'2020-07-01T00:00:00.000' AS DateTime), NULL, 2319.9900)
INSERT [dbo].[ProductHistory] ([ProductID], [StartDate], [EndDate], [Price]) VALUES (780, CAST(N'2019-07-01T00:00:00.000' AS DateTime), CAST(N'2021-06-30T00:00:00.000' AS DateTime), 2071.4196)
INSERT [dbo].[ProductHistory] ([ProductID], [StartDate], [EndDate], [Price]) VALUES (780, CAST(N'2020-07-01T00:00:00.000' AS DateTime), NULL, 2319.9900)
INSERT [dbo].[ProductHistory] ([ProductID], [StartDate], [EndDate], [Price]) VALUES (781, CAST(N'2019-07-01T00:00:00.000' AS DateTime), CAST(N'2021-06-30T00:00:00.000' AS DateTime), 2071.4196)
INSERT [dbo].[ProductHistory] ([ProductID], [StartDate], [EndDate], [Price]) VALUES (781, CAST(N'2020-07-01T00:00:00.000' AS DateTime), NULL, 2319.9900)
INSERT [dbo].[ProductHistory] ([ProductID], [StartDate], [EndDate], [Price]) VALUES (782, CAST(N'2019-07-01T00:00:00.000' AS DateTime), CAST(N'2021-06-30T00:00:00.000' AS DateTime), 2049.0982)
INSERT [dbo].[ProductHistory] ([ProductID], [StartDate], [EndDate], [Price]) VALUES (782, CAST(N'2020-07-01T00:00:00.000' AS DateTime), NULL, 2294.9900)
INSERT [dbo].[ProductHistory] ([ProductID], [StartDate], [EndDate], [Price]) VALUES (783, CAST(N'2019-07-01T00:00:00.000' AS DateTime), CAST(N'2021-06-30T00:00:00.000' AS DateTime), 2049.0982)
INSERT [dbo].[ProductHistory] ([ProductID], [StartDate], [EndDate], [Price]) VALUES (783, CAST(N'2020-07-01T00:00:00.000' AS DateTime), NULL, 2294.9900)
INSERT [dbo].[ProductHistory] ([ProductID], [StartDate], [EndDate], [Price]) VALUES (784, CAST(N'2019-07-01T00:00:00.000' AS DateTime), CAST(N'2021-06-30T00:00:00.000' AS DateTime), 2049.0982)
INSERT [dbo].[ProductHistory] ([ProductID], [StartDate], [EndDate], [Price]) VALUES (784, CAST(N'2020-07-01T00:00:00.000' AS DateTime), NULL, 2294.9900)
INSERT [dbo].[ProductHistory] ([ProductID], [StartDate], [EndDate], [Price]) VALUES (785, CAST(N'2019-07-01T00:00:00.000' AS DateTime), CAST(N'2021-06-30T00:00:00.000' AS DateTime), 1079.9900)
INSERT [dbo].[ProductHistory] ([ProductID], [StartDate], [EndDate], [Price]) VALUES (786, CAST(N'2019-07-01T00:00:00.000' AS DateTime), CAST(N'2021-06-30T00:00:00.000' AS DateTime), 1079.9900)
INSERT [dbo].[ProductHistory] ([ProductID], [StartDate], [EndDate], [Price]) VALUES (787, CAST(N'2019-07-01T00:00:00.000' AS DateTime), CAST(N'2021-06-30T00:00:00.000' AS DateTime), 1079.9900)
INSERT [dbo].[ProductHistory] ([ProductID], [StartDate], [EndDate], [Price]) VALUES (788, CAST(N'2019-07-01T00:00:00.000' AS DateTime), CAST(N'2021-06-30T00:00:00.000' AS DateTime), 1079.9900)
INSERT [dbo].[ProductHistory] ([ProductID], [StartDate], [EndDate], [Price]) VALUES (789, CAST(N'2019-07-01T00:00:00.000' AS DateTime), CAST(N'2021-06-30T00:00:00.000' AS DateTime), 2443.3500)
INSERT [dbo].[ProductHistory] ([ProductID], [StartDate], [EndDate], [Price]) VALUES (790, CAST(N'2019-07-01T00:00:00.000' AS DateTime), CAST(N'2021-06-30T00:00:00.000' AS DateTime), 2443.3500)
INSERT [dbo].[ProductHistory] ([ProductID], [StartDate], [EndDate], [Price]) VALUES (791, CAST(N'2019-07-01T00:00:00.000' AS DateTime), CAST(N'2021-06-30T00:00:00.000' AS DateTime), 2443.3500)
INSERT [dbo].[ProductHistory] ([ProductID], [StartDate], [EndDate], [Price]) VALUES (792, CAST(N'2019-07-01T00:00:00.000' AS DateTime), CAST(N'2021-06-30T00:00:00.000' AS DateTime), 2181.5625)
INSERT [dbo].[ProductHistory] ([ProductID], [StartDate], [EndDate], [Price]) VALUES (792, CAST(N'2020-07-01T00:00:00.000' AS DateTime), NULL, 2443.3500)
INSERT [dbo].[ProductHistory] ([ProductID], [StartDate], [EndDate], [Price]) VALUES (793, CAST(N'2019-07-01T00:00:00.000' AS DateTime), CAST(N'2021-06-30T00:00:00.000' AS DateTime), 2181.5625)
INSERT [dbo].[ProductHistory] ([ProductID], [StartDate], [EndDate], [Price]) VALUES (793, CAST(N'2020-07-01T00:00:00.000' AS DateTime), NULL, 2443.3500)
INSERT [dbo].[ProductHistory] ([ProductID], [StartDate], [EndDate], [Price]) VALUES (794, CAST(N'2019-07-01T00:00:00.000' AS DateTime), CAST(N'2021-06-30T00:00:00.000' AS DateTime), 2181.5625)
INSERT [dbo].[ProductHistory] ([ProductID], [StartDate], [EndDate], [Price]) VALUES (794, CAST(N'2020-07-01T00:00:00.000' AS DateTime), NULL, 2443.3500)
INSERT [dbo].[ProductHistory] ([ProductID], [StartDate], [EndDate], [Price]) VALUES (795, CAST(N'2019-07-01T00:00:00.000' AS DateTime), CAST(N'2021-06-30T00:00:00.000' AS DateTime), 2181.5625)
INSERT [dbo].[ProductHistory] ([ProductID], [StartDate], [EndDate], [Price]) VALUES (795, CAST(N'2020-07-01T00:00:00.000' AS DateTime), NULL, 2443.3500)
INSERT [dbo].[ProductHistory] ([ProductID], [StartDate], [EndDate], [Price]) VALUES (796, CAST(N'2019-07-01T00:00:00.000' AS DateTime), CAST(N'2021-06-30T00:00:00.000' AS DateTime), 2181.5625)
INSERT [dbo].[ProductHistory] ([ProductID], [StartDate], [EndDate], [Price]) VALUES (796, CAST(N'2020-07-01T00:00:00.000' AS DateTime), NULL, 2443.3500)
INSERT [dbo].[ProductHistory] ([ProductID], [StartDate], [EndDate], [Price]) VALUES (797, CAST(N'2019-07-01T00:00:00.000' AS DateTime), CAST(N'2021-06-30T00:00:00.000' AS DateTime), 1000.4375)
INSERT [dbo].[ProductHistory] ([ProductID], [StartDate], [EndDate], [Price]) VALUES (797, CAST(N'2020-07-01T00:00:00.000' AS DateTime), NULL, 1120.4900)
INSERT [dbo].[ProductHistory] ([ProductID], [StartDate], [EndDate], [Price]) VALUES (798, CAST(N'2019-07-01T00:00:00.000' AS DateTime), CAST(N'2021-06-30T00:00:00.000' AS DateTime), 1000.4375)
INSERT [dbo].[ProductHistory] ([ProductID], [StartDate], [EndDate], [Price]) VALUES (798, CAST(N'2020-07-01T00:00:00.000' AS DateTime), NULL, 1120.4900)
INSERT [dbo].[ProductHistory] ([ProductID], [StartDate], [EndDate], [Price]) VALUES (799, CAST(N'2019-07-01T00:00:00.000' AS DateTime), CAST(N'2021-06-30T00:00:00.000' AS DateTime), 1000.4375)
INSERT [dbo].[ProductHistory] ([ProductID], [StartDate], [EndDate], [Price]) VALUES (799, CAST(N'2020-07-01T00:00:00.000' AS DateTime), NULL, 1120.4900)
INSERT [dbo].[ProductHistory] ([ProductID], [StartDate], [EndDate], [Price]) VALUES (800, CAST(N'2019-07-01T00:00:00.000' AS DateTime), CAST(N'2021-06-30T00:00:00.000' AS DateTime), 1000.4375)
INSERT [dbo].[ProductHistory] ([ProductID], [StartDate], [EndDate], [Price]) VALUES (800, CAST(N'2020-07-01T00:00:00.000' AS DateTime), NULL, 1120.4900)
INSERT [dbo].[ProductHistory] ([ProductID], [StartDate], [EndDate], [Price]) VALUES (801, CAST(N'2019-07-01T00:00:00.000' AS DateTime), CAST(N'2021-06-30T00:00:00.000' AS DateTime), 1000.4375)
INSERT [dbo].[ProductHistory] ([ProductID], [StartDate], [EndDate], [Price]) VALUES (801, CAST(N'2020-07-01T00:00:00.000' AS DateTime), NULL, 1120.4900)
INSERT [dbo].[ProductHistory] ([ProductID], [StartDate], [EndDate], [Price]) VALUES (814, CAST(N'2019-07-01T00:00:00.000' AS DateTime), CAST(N'2021-06-30T00:00:00.000' AS DateTime), 348.7600)
INSERT [dbo].[ProductHistory] ([ProductID], [StartDate], [EndDate], [Price]) VALUES (815, CAST(N'2019-07-01T00:00:00.000' AS DateTime), CAST(N'2021-06-30T00:00:00.000' AS DateTime), 60.7450)
INSERT [dbo].[ProductHistory] ([ProductID], [StartDate], [EndDate], [Price]) VALUES (816, CAST(N'2019-07-01T00:00:00.000' AS DateTime), CAST(N'2021-06-30T00:00:00.000' AS DateTime), 209.0250)
INSERT [dbo].[ProductHistory] ([ProductID], [StartDate], [EndDate], [Price]) VALUES (817, CAST(N'2019-07-01T00:00:00.000' AS DateTime), CAST(N'2021-06-30T00:00:00.000' AS DateTime), 300.2150)
INSERT [dbo].[ProductHistory] ([ProductID], [StartDate], [EndDate], [Price]) VALUES (818, CAST(N'2019-07-01T00:00:00.000' AS DateTime), CAST(N'2021-06-30T00:00:00.000' AS DateTime), 85.5650)
INSERT [dbo].[ProductHistory] ([ProductID], [StartDate], [EndDate], [Price]) VALUES (819, CAST(N'2019-07-01T00:00:00.000' AS DateTime), CAST(N'2021-06-30T00:00:00.000' AS DateTime), 248.3850)
INSERT [dbo].[ProductHistory] ([ProductID], [StartDate], [EndDate], [Price]) VALUES (820, CAST(N'2019-07-01T00:00:00.000' AS DateTime), CAST(N'2021-06-30T00:00:00.000' AS DateTime), 330.0600)
INSERT [dbo].[ProductHistory] ([ProductID], [StartDate], [EndDate], [Price]) VALUES (821, CAST(N'2019-07-01T00:00:00.000' AS DateTime), CAST(N'2021-06-30T00:00:00.000' AS DateTime), 218.0100)
INSERT [dbo].[ProductHistory] ([ProductID], [StartDate], [EndDate], [Price]) VALUES (822, CAST(N'2019-07-01T00:00:00.000' AS DateTime), CAST(N'2021-06-30T00:00:00.000' AS DateTime), 540.7545)
INSERT [dbo].[ProductHistory] ([ProductID], [StartDate], [EndDate], [Price]) VALUES (822, CAST(N'2020-07-01T00:00:00.000' AS DateTime), NULL, 594.8300)
INSERT [dbo].[ProductHistory] ([ProductID], [StartDate], [EndDate], [Price]) VALUES (823, CAST(N'2019-07-01T00:00:00.000' AS DateTime), CAST(N'2021-06-30T00:00:00.000' AS DateTime), 87.7450)
INSERT [dbo].[ProductHistory] ([ProductID], [StartDate], [EndDate], [Price]) VALUES (824, CAST(N'2019-07-01T00:00:00.000' AS DateTime), CAST(N'2021-06-30T00:00:00.000' AS DateTime), 236.0250)
INSERT [dbo].[ProductHistory] ([ProductID], [StartDate], [EndDate], [Price]) VALUES (825, CAST(N'2019-07-01T00:00:00.000' AS DateTime), CAST(N'2021-06-30T00:00:00.000' AS DateTime), 327.2150)
INSERT [dbo].[ProductHistory] ([ProductID], [StartDate], [EndDate], [Price]) VALUES (826, CAST(N'2019-07-01T00:00:00.000' AS DateTime), CAST(N'2021-06-30T00:00:00.000' AS DateTime), 112.5650)
INSERT [dbo].[ProductHistory] ([ProductID], [StartDate], [EndDate], [Price]) VALUES (827, CAST(N'2019-07-01T00:00:00.000' AS DateTime), CAST(N'2021-06-30T00:00:00.000' AS DateTime), 275.3850)
INSERT [dbo].[ProductHistory] ([ProductID], [StartDate], [EndDate], [Price]) VALUES (828, CAST(N'2019-07-01T00:00:00.000' AS DateTime), CAST(N'2021-06-30T00:00:00.000' AS DateTime), 357.0600)
INSERT [dbo].[ProductHistory] ([ProductID], [StartDate], [EndDate], [Price]) VALUES (829, CAST(N'2019-07-01T00:00:00.000' AS DateTime), CAST(N'2021-06-30T00:00:00.000' AS DateTime), 245.0100)
INSERT [dbo].[ProductHistory] ([ProductID], [StartDate], [EndDate], [Price]) VALUES (830, CAST(N'2019-07-01T00:00:00.000' AS DateTime), CAST(N'2021-06-30T00:00:00.000' AS DateTime), 348.7600)
GO
INSERT [dbo].[ProductHistory] ([ProductID], [StartDate], [EndDate], [Price]) VALUES (831, CAST(N'2019-07-01T00:00:00.000' AS DateTime), CAST(N'2021-06-30T00:00:00.000' AS DateTime), 348.7600)
INSERT [dbo].[ProductHistory] ([ProductID], [StartDate], [EndDate], [Price]) VALUES (832, CAST(N'2019-07-01T00:00:00.000' AS DateTime), CAST(N'2021-06-30T00:00:00.000' AS DateTime), 348.7600)
INSERT [dbo].[ProductHistory] ([ProductID], [StartDate], [EndDate], [Price]) VALUES (833, CAST(N'2019-07-01T00:00:00.000' AS DateTime), CAST(N'2021-06-30T00:00:00.000' AS DateTime), 540.7545)
INSERT [dbo].[ProductHistory] ([ProductID], [StartDate], [EndDate], [Price]) VALUES (833, CAST(N'2020-07-01T00:00:00.000' AS DateTime), NULL, 594.8300)
INSERT [dbo].[ProductHistory] ([ProductID], [StartDate], [EndDate], [Price]) VALUES (834, CAST(N'2019-07-01T00:00:00.000' AS DateTime), CAST(N'2021-06-30T00:00:00.000' AS DateTime), 540.7545)
INSERT [dbo].[ProductHistory] ([ProductID], [StartDate], [EndDate], [Price]) VALUES (834, CAST(N'2020-07-01T00:00:00.000' AS DateTime), NULL, 594.8300)
INSERT [dbo].[ProductHistory] ([ProductID], [StartDate], [EndDate], [Price]) VALUES (835, CAST(N'2019-07-01T00:00:00.000' AS DateTime), CAST(N'2021-06-30T00:00:00.000' AS DateTime), 540.7545)
INSERT [dbo].[ProductHistory] ([ProductID], [StartDate], [EndDate], [Price]) VALUES (835, CAST(N'2020-07-01T00:00:00.000' AS DateTime), NULL, 594.8300)
INSERT [dbo].[ProductHistory] ([ProductID], [StartDate], [EndDate], [Price]) VALUES (836, CAST(N'2019-07-01T00:00:00.000' AS DateTime), CAST(N'2021-06-30T00:00:00.000' AS DateTime), 540.7545)
INSERT [dbo].[ProductHistory] ([ProductID], [StartDate], [EndDate], [Price]) VALUES (836, CAST(N'2020-07-01T00:00:00.000' AS DateTime), NULL, 594.8300)
INSERT [dbo].[ProductHistory] ([ProductID], [StartDate], [EndDate], [Price]) VALUES (837, CAST(N'2019-07-01T00:00:00.000' AS DateTime), CAST(N'2021-06-30T00:00:00.000' AS DateTime), 1301.3636)
INSERT [dbo].[ProductHistory] ([ProductID], [StartDate], [EndDate], [Price]) VALUES (837, CAST(N'2020-07-01T00:00:00.000' AS DateTime), NULL, 1431.5000)
INSERT [dbo].[ProductHistory] ([ProductID], [StartDate], [EndDate], [Price]) VALUES (838, CAST(N'2019-07-01T00:00:00.000' AS DateTime), CAST(N'2021-06-30T00:00:00.000' AS DateTime), 1301.3636)
INSERT [dbo].[ProductHistory] ([ProductID], [StartDate], [EndDate], [Price]) VALUES (838, CAST(N'2020-07-01T00:00:00.000' AS DateTime), NULL, 1431.5000)
INSERT [dbo].[ProductHistory] ([ProductID], [StartDate], [EndDate], [Price]) VALUES (839, CAST(N'2019-07-01T00:00:00.000' AS DateTime), CAST(N'2021-06-30T00:00:00.000' AS DateTime), 1301.3636)
INSERT [dbo].[ProductHistory] ([ProductID], [StartDate], [EndDate], [Price]) VALUES (839, CAST(N'2020-07-01T00:00:00.000' AS DateTime), NULL, 1431.5000)
INSERT [dbo].[ProductHistory] ([ProductID], [StartDate], [EndDate], [Price]) VALUES (840, CAST(N'2019-07-01T00:00:00.000' AS DateTime), CAST(N'2021-06-30T00:00:00.000' AS DateTime), 1301.3636)
INSERT [dbo].[ProductHistory] ([ProductID], [StartDate], [EndDate], [Price]) VALUES (840, CAST(N'2020-07-01T00:00:00.000' AS DateTime), NULL, 1431.5000)
INSERT [dbo].[ProductHistory] ([ProductID], [StartDate], [EndDate], [Price]) VALUES (842, CAST(N'2019-07-01T00:00:00.000' AS DateTime), CAST(N'2021-06-30T00:00:00.000' AS DateTime), 125.0000)
INSERT [dbo].[ProductHistory] ([ProductID], [StartDate], [EndDate], [Price]) VALUES (880, CAST(N'2020-07-01T00:00:00.000' AS DateTime), NULL, 54.9900)
INSERT [dbo].[ProductHistory] ([ProductID], [StartDate], [EndDate], [Price]) VALUES (885, CAST(N'2020-07-01T00:00:00.000' AS DateTime), NULL, 1003.9100)
INSERT [dbo].[ProductHistory] ([ProductID], [StartDate], [EndDate], [Price]) VALUES (886, CAST(N'2020-07-01T00:00:00.000' AS DateTime), NULL, 333.4200)
INSERT [dbo].[ProductHistory] ([ProductID], [StartDate], [EndDate], [Price]) VALUES (887, CAST(N'2020-07-01T00:00:00.000' AS DateTime), NULL, 1003.9100)
INSERT [dbo].[ProductHistory] ([ProductID], [StartDate], [EndDate], [Price]) VALUES (888, CAST(N'2020-07-01T00:00:00.000' AS DateTime), NULL, 1003.9100)
INSERT [dbo].[ProductHistory] ([ProductID], [StartDate], [EndDate], [Price]) VALUES (889, CAST(N'2020-07-01T00:00:00.000' AS DateTime), NULL, 1003.9100)
INSERT [dbo].[ProductHistory] ([ProductID], [StartDate], [EndDate], [Price]) VALUES (890, CAST(N'2020-07-01T00:00:00.000' AS DateTime), NULL, 1003.9100)
INSERT [dbo].[ProductHistory] ([ProductID], [StartDate], [EndDate], [Price]) VALUES (891, CAST(N'2020-07-01T00:00:00.000' AS DateTime), NULL, 1003.9100)
INSERT [dbo].[ProductHistory] ([ProductID], [StartDate], [EndDate], [Price]) VALUES (892, CAST(N'2020-07-01T00:00:00.000' AS DateTime), NULL, 1003.9100)
INSERT [dbo].[ProductHistory] ([ProductID], [StartDate], [EndDate], [Price]) VALUES (893, CAST(N'2020-07-01T00:00:00.000' AS DateTime), NULL, 1003.9100)
INSERT [dbo].[ProductHistory] ([ProductID], [StartDate], [EndDate], [Price]) VALUES (894, CAST(N'2020-07-01T00:00:00.000' AS DateTime), NULL, 121.4600)
INSERT [dbo].[ProductHistory] ([ProductID], [StartDate], [EndDate], [Price]) VALUES (907, CAST(N'2020-07-01T00:00:00.000' AS DateTime), NULL, 106.5000)
INSERT [dbo].[ProductHistory] ([ProductID], [StartDate], [EndDate], [Price]) VALUES (935, CAST(N'2020-07-01T00:00:00.000' AS DateTime), NULL, 40.4900)
INSERT [dbo].[ProductHistory] ([ProductID], [StartDate], [EndDate], [Price]) VALUES (936, CAST(N'2020-07-01T00:00:00.000' AS DateTime), NULL, 62.0900)
INSERT [dbo].[ProductHistory] ([ProductID], [StartDate], [EndDate], [Price]) VALUES (937, CAST(N'2020-07-01T00:00:00.000' AS DateTime), NULL, 80.9900)
INSERT [dbo].[ProductHistory] ([ProductID], [StartDate], [EndDate], [Price]) VALUES (938, CAST(N'2020-07-01T00:00:00.000' AS DateTime), NULL, 40.4900)
INSERT [dbo].[ProductHistory] ([ProductID], [StartDate], [EndDate], [Price]) VALUES (939, CAST(N'2020-07-01T00:00:00.000' AS DateTime), NULL, 62.0900)
INSERT [dbo].[ProductHistory] ([ProductID], [StartDate], [EndDate], [Price]) VALUES (940, CAST(N'2020-07-01T00:00:00.000' AS DateTime), NULL, 80.9900)
INSERT [dbo].[ProductHistory] ([ProductID], [StartDate], [EndDate], [Price]) VALUES (941, CAST(N'2020-07-01T00:00:00.000' AS DateTime), NULL, 80.9900)
INSERT [dbo].[ProductHistory] ([ProductID], [StartDate], [EndDate], [Price]) VALUES (942, CAST(N'2020-07-01T00:00:00.000' AS DateTime), NULL, 364.0900)
INSERT [dbo].[ProductHistory] ([ProductID], [StartDate], [EndDate], [Price]) VALUES (943, CAST(N'2020-07-01T00:00:00.000' AS DateTime), NULL, 249.7900)
INSERT [dbo].[ProductHistory] ([ProductID], [StartDate], [EndDate], [Price]) VALUES (944, CAST(N'2020-07-01T00:00:00.000' AS DateTime), NULL, 264.0500)
INSERT [dbo].[ProductHistory] ([ProductID], [StartDate], [EndDate], [Price]) VALUES (945, CAST(N'2020-07-01T00:00:00.000' AS DateTime), NULL, 91.4900)
INSERT [dbo].[ProductHistory] ([ProductID], [StartDate], [EndDate], [Price]) VALUES (948, CAST(N'2020-07-01T00:00:00.000' AS DateTime), NULL, 106.5000)
INSERT [dbo].[ProductHistory] ([ProductID], [StartDate], [EndDate], [Price]) VALUES (949, CAST(N'2020-07-01T00:00:00.000' AS DateTime), NULL, 175.4900)
INSERT [dbo].[ProductHistory] ([ProductID], [StartDate], [EndDate], [Price]) VALUES (950, CAST(N'2020-07-01T00:00:00.000' AS DateTime), NULL, 256.4900)
INSERT [dbo].[ProductHistory] ([ProductID], [StartDate], [EndDate], [Price]) VALUES (951, CAST(N'2020-07-01T00:00:00.000' AS DateTime), NULL, 404.9900)
INSERT [dbo].[ProductHistory] ([ProductID], [StartDate], [EndDate], [Price]) VALUES (952, CAST(N'2020-07-01T00:00:00.000' AS DateTime), NULL, 20.2400)
INSERT [dbo].[ProductHistory] ([ProductID], [StartDate], [EndDate], [Price]) VALUES (953, CAST(N'2020-07-01T00:00:00.000' AS DateTime), NULL, 1214.8500)
INSERT [dbo].[ProductHistory] ([ProductID], [StartDate], [EndDate], [Price]) VALUES (954, CAST(N'2020-07-01T00:00:00.000' AS DateTime), NULL, 2384.0700)
INSERT [dbo].[ProductHistory] ([ProductID], [StartDate], [EndDate], [Price]) VALUES (955, CAST(N'2020-07-01T00:00:00.000' AS DateTime), NULL, 2384.0700)
INSERT [dbo].[ProductHistory] ([ProductID], [StartDate], [EndDate], [Price]) VALUES (956, CAST(N'2020-07-01T00:00:00.000' AS DateTime), NULL, 2384.0700)
INSERT [dbo].[ProductHistory] ([ProductID], [StartDate], [EndDate], [Price]) VALUES (957, CAST(N'2020-07-01T00:00:00.000' AS DateTime), NULL, 2384.0700)
INSERT [dbo].[ProductHistory] ([ProductID], [StartDate], [EndDate], [Price]) VALUES (958, CAST(N'2020-07-01T00:00:00.000' AS DateTime), NULL, 742.3500)
INSERT [dbo].[ProductHistory] ([ProductID], [StartDate], [EndDate], [Price]) VALUES (959, CAST(N'2020-07-01T00:00:00.000' AS DateTime), NULL, 742.3500)
INSERT [dbo].[ProductHistory] ([ProductID], [StartDate], [EndDate], [Price]) VALUES (960, CAST(N'2020-07-01T00:00:00.000' AS DateTime), NULL, 742.3500)
INSERT [dbo].[ProductHistory] ([ProductID], [StartDate], [EndDate], [Price]) VALUES (961, CAST(N'2020-07-01T00:00:00.000' AS DateTime), NULL, 742.3500)
INSERT [dbo].[ProductHistory] ([ProductID], [StartDate], [EndDate], [Price]) VALUES (962, CAST(N'2020-07-01T00:00:00.000' AS DateTime), NULL, 742.3500)
INSERT [dbo].[ProductHistory] ([ProductID], [StartDate], [EndDate], [Price]) VALUES (963, CAST(N'2020-07-01T00:00:00.000' AS DateTime), NULL, 742.3500)
INSERT [dbo].[ProductHistory] ([ProductID], [StartDate], [EndDate], [Price]) VALUES (964, CAST(N'2020-07-01T00:00:00.000' AS DateTime), NULL, 742.3500)
INSERT [dbo].[ProductHistory] ([ProductID], [StartDate], [EndDate], [Price]) VALUES (965, CAST(N'2020-07-01T00:00:00.000' AS DateTime), NULL, 742.3500)
INSERT [dbo].[ProductHistory] ([ProductID], [StartDate], [EndDate], [Price]) VALUES (966, CAST(N'2020-07-01T00:00:00.000' AS DateTime), NULL, 2384.0700)
INSERT [dbo].[ProductHistory] ([ProductID], [StartDate], [EndDate], [Price]) VALUES (967, CAST(N'2020-07-01T00:00:00.000' AS DateTime), NULL, 2384.0700)
INSERT [dbo].[ProductHistory] ([ProductID], [StartDate], [EndDate], [Price]) VALUES (968, CAST(N'2020-07-01T00:00:00.000' AS DateTime), NULL, 2384.0700)
INSERT [dbo].[ProductHistory] ([ProductID], [StartDate], [EndDate], [Price]) VALUES (969, CAST(N'2020-07-01T00:00:00.000' AS DateTime), NULL, 2384.0700)
INSERT [dbo].[ProductHistory] ([ProductID], [StartDate], [EndDate], [Price]) VALUES (970, CAST(N'2020-07-01T00:00:00.000' AS DateTime), NULL, 1214.8500)
INSERT [dbo].[ProductHistory] ([ProductID], [StartDate], [EndDate], [Price]) VALUES (971, CAST(N'2020-07-01T00:00:00.000' AS DateTime), NULL, 1214.8500)
INSERT [dbo].[ProductHistory] ([ProductID], [StartDate], [EndDate], [Price]) VALUES (972, CAST(N'2020-07-01T00:00:00.000' AS DateTime), NULL, 1214.8500)
INSERT [dbo].[ProductHistory] ([ProductID], [StartDate], [EndDate], [Price]) VALUES (973, CAST(N'2020-07-01T00:00:00.000' AS DateTime), NULL, 1700.9900)
INSERT [dbo].[ProductHistory] ([ProductID], [StartDate], [EndDate], [Price]) VALUES (974, CAST(N'2020-07-01T00:00:00.000' AS DateTime), NULL, 1700.9900)
INSERT [dbo].[ProductHistory] ([ProductID], [StartDate], [EndDate], [Price]) VALUES (975, CAST(N'2020-07-01T00:00:00.000' AS DateTime), NULL, 1700.9900)
INSERT [dbo].[ProductHistory] ([ProductID], [StartDate], [EndDate], [Price]) VALUES (976, CAST(N'2020-07-01T00:00:00.000' AS DateTime), NULL, 1700.9900)
INSERT [dbo].[ProductHistory] ([ProductID], [StartDate], [EndDate], [Price]) VALUES (977, CAST(N'2020-07-01T00:00:00.000' AS DateTime), NULL, 539.9900)
INSERT [dbo].[ProductHistory] ([ProductID], [StartDate], [EndDate], [Price]) VALUES (978, CAST(N'2020-07-01T00:00:00.000' AS DateTime), NULL, 742.3500)
INSERT [dbo].[ProductHistory] ([ProductID], [StartDate], [EndDate], [Price]) VALUES (979, CAST(N'2020-07-01T00:00:00.000' AS DateTime), NULL, 742.3500)
INSERT [dbo].[ProductHistory] ([ProductID], [StartDate], [EndDate], [Price]) VALUES (980, CAST(N'2020-07-01T00:00:00.000' AS DateTime), NULL, 769.4900)
INSERT [dbo].[ProductHistory] ([ProductID], [StartDate], [EndDate], [Price]) VALUES (981, CAST(N'2020-07-01T00:00:00.000' AS DateTime), NULL, 769.4900)
INSERT [dbo].[ProductHistory] ([ProductID], [StartDate], [EndDate], [Price]) VALUES (982, CAST(N'2020-07-01T00:00:00.000' AS DateTime), NULL, 769.4900)
INSERT [dbo].[ProductHistory] ([ProductID], [StartDate], [EndDate], [Price]) VALUES (983, CAST(N'2020-07-01T00:00:00.000' AS DateTime), NULL, 769.4900)
INSERT [dbo].[ProductHistory] ([ProductID], [StartDate], [EndDate], [Price]) VALUES (984, CAST(N'2020-07-01T00:00:00.000' AS DateTime), NULL, 564.9900)
INSERT [dbo].[ProductHistory] ([ProductID], [StartDate], [EndDate], [Price]) VALUES (985, CAST(N'2020-07-01T00:00:00.000' AS DateTime), NULL, 564.9900)
INSERT [dbo].[ProductHistory] ([ProductID], [StartDate], [EndDate], [Price]) VALUES (986, CAST(N'2020-07-01T00:00:00.000' AS DateTime), NULL, 564.9900)
INSERT [dbo].[ProductHistory] ([ProductID], [StartDate], [EndDate], [Price]) VALUES (987, CAST(N'2020-07-01T00:00:00.000' AS DateTime), NULL, 564.9900)
INSERT [dbo].[ProductHistory] ([ProductID], [StartDate], [EndDate], [Price]) VALUES (988, CAST(N'2020-07-01T00:00:00.000' AS DateTime), NULL, 564.9900)
INSERT [dbo].[ProductHistory] ([ProductID], [StartDate], [EndDate], [Price]) VALUES (989, CAST(N'2020-07-01T00:00:00.000' AS DateTime), NULL, 539.9900)
INSERT [dbo].[ProductHistory] ([ProductID], [StartDate], [EndDate], [Price]) VALUES (990, CAST(N'2020-07-01T00:00:00.000' AS DateTime), NULL, 539.9900)
INSERT [dbo].[ProductHistory] ([ProductID], [StartDate], [EndDate], [Price]) VALUES (991, CAST(N'2020-07-01T00:00:00.000' AS DateTime), NULL, 539.9900)
INSERT [dbo].[ProductHistory] ([ProductID], [StartDate], [EndDate], [Price]) VALUES (992, CAST(N'2020-07-01T00:00:00.000' AS DateTime), NULL, 539.9900)
INSERT [dbo].[ProductHistory] ([ProductID], [StartDate], [EndDate], [Price]) VALUES (993, CAST(N'2020-07-01T00:00:00.000' AS DateTime), NULL, 539.9900)
INSERT [dbo].[ProductHistory] ([ProductID], [StartDate], [EndDate], [Price]) VALUES (997, CAST(N'2020-07-01T00:00:00.000' AS DateTime), NULL, 539.9900)
INSERT [dbo].[ProductHistory] ([ProductID], [StartDate], [EndDate], [Price]) VALUES (998, CAST(N'2020-07-01T00:00:00.000' AS DateTime), NULL, 539.9900)
INSERT [dbo].[ProductHistory] ([ProductID], [StartDate], [EndDate], [Price]) VALUES (999, CAST(N'2020-07-01T00:00:00.000' AS DateTime), NULL, 539.9900)
GO
/****** Object:  Table [dbo].[Order Details] ******/
GO
SET ANSI_NULLS ON
GO
SET QUOTED_IDENTIFIER ON
GO
CREATE TABLE [dbo].[Order Details](
	[OrderID] [int] NOT NULL,
	[ProductID] [int] NOT NULL,
	[UnitPrice] [money],
	[Quantity] [smallint] NOT NULL,
	[Discount] [real] NOT NULL,
 CONSTRAINT [PK_Order_Details] PRIMARY KEY CLUSTERED 
(
	[OrderID] ASC,
	[ProductID] ASC
)WITH (PAD_INDEX  = OFF, STATISTICS_NORECOMPUTE  = OFF, IGNORE_DUP_KEY = OFF, ALLOW_ROW_LOCKS  = ON, ALLOW_PAGE_LOCKS  = ON) ON [PRIMARY]
) ON [PRIMARY]
GO
/****** Object:  Table [dbo].[Order Details] ******/
INSERT [dbo].[Order Details] ([OrderID], [ProductID], [UnitPrice], [Quantity], [Discount]) VALUES (10285, 680, 1431.5000, 45, 0.2)
INSERT [dbo].[Order Details] ([OrderID], [ProductID], [UnitPrice], [Quantity], [Discount]) VALUES (10294, 680, 1431.5000, 18, 0)
INSERT [dbo].[Order Details] ([OrderID], [ProductID], [UnitPrice], [Quantity], [Discount]) VALUES (10317, 706, 1431.5000, 20, 0)
INSERT [dbo].[Order Details] ([OrderID], [ProductID], [UnitPrice], [Quantity], [Discount]) VALUES (10348, 706, 1431.5000, 15, 0.15)
INSERT [dbo].[Order Details] ([OrderID], [ProductID], [UnitPrice], [Quantity], [Discount]) VALUES (10354, 707, 34.9900, 12, 0)
INSERT [dbo].[Order Details] ([OrderID], [ProductID], [UnitPrice], [Quantity], [Discount]) VALUES (10370, 707, 34.9900, 15, 0.15)
INSERT [dbo].[Order Details] ([OrderID], [ProductID], [UnitPrice], [Quantity], [Discount]) VALUES (10406, 708, 34.9900, 10, 0)
INSERT [dbo].[Order Details] ([OrderID], [ProductID], [UnitPrice], [Quantity], [Discount]) VALUES (10413, 708, 34.9900, 24, 0)
INSERT [dbo].[Order Details] ([OrderID], [ProductID], [UnitPrice], [Quantity], [Discount]) VALUES (10477, 711, 34.9900, 15, 0)
INSERT [dbo].[Order Details] ([OrderID], [ProductID], [UnitPrice], [Quantity], [Discount]) VALUES (10522, 711, 34.9900, 40, 0.2)
INSERT [dbo].[Order Details] ([OrderID], [ProductID], [UnitPrice], [Quantity], [Discount]) VALUES (10526, 717, 431.5000, 8, 0.15)
INSERT [dbo].[Order Details] ([OrderID], [ProductID], [UnitPrice], [Quantity], [Discount]) VALUES (10576, 717, 431.5000, 10, 0)
INSERT [dbo].[Order Details] ([OrderID], [ProductID], [UnitPrice], [Quantity], [Discount]) VALUES (10590, 718, 1431.5000, 20, 0)
INSERT [dbo].[Order Details] ([OrderID], [ProductID], [UnitPrice], [Quantity], [Discount]) VALUES (10609, 718, 1431.5000, 3, 0)
INSERT [dbo].[Order Details] ([OrderID], [ProductID], [UnitPrice], [Quantity], [Discount]) VALUES (10611, 719, 1431.5000, 6, 0)
INSERT [dbo].[Order Details] ([OrderID], [ProductID], [UnitPrice], [Quantity], [Discount]) VALUES (10628, 719, 1431.5000, 25, 0)
INSERT [dbo].[Order Details] ([OrderID], [ProductID], [UnitPrice], [Quantity], [Discount]) VALUES (10646, 720, 1431.5000, 15, 0.25)
INSERT [dbo].[Order Details] ([OrderID], [ProductID], [UnitPrice], [Quantity], [Discount]) VALUES (10689, 720, 1431.5000, 35, 0.25)
INSERT [dbo].[Order Details] ([OrderID], [ProductID], [UnitPrice], [Quantity], [Discount]) VALUES (10691, 721, 1431.5000, 30, 0)
INSERT [dbo].[Order Details] ([OrderID], [ProductID], [UnitPrice], [Quantity], [Discount]) VALUES (10700, 721, 1431.5000, 5, 0.2)
INSERT [dbo].[Order Details] ([OrderID], [ProductID], [UnitPrice], [Quantity], [Discount]) VALUES (10729, 722, 337.2200, 50, 0)
INSERT [dbo].[Order Details] ([OrderID], [ProductID], [UnitPrice], [Quantity], [Discount]) VALUES (10752, 722, 337.2200, 8, 0)
INSERT [dbo].[Order Details] ([OrderID], [ProductID], [UnitPrice], [Quantity], [Discount]) VALUES (10838, 723, 337.2200, 4, 0.25)
INSERT [dbo].[Order Details] ([OrderID], [ProductID], [UnitPrice], [Quantity], [Discount]) VALUES (10847, 723, 337.2200, 80, 0.2)
INSERT [dbo].[Order Details] ([OrderID], [ProductID], [UnitPrice], [Quantity], [Discount]) VALUES (10863, 724, 337.2200, 20, 0.15)
INSERT [dbo].[Order Details] ([OrderID], [ProductID], [UnitPrice], [Quantity], [Discount]) VALUES (10869, 724, 337.2200, 40, 0)
INSERT [dbo].[Order Details] ([OrderID], [ProductID], [UnitPrice], [Quantity], [Discount]) VALUES (10905, 725, 337.2200, 20, 0.05)
INSERT [dbo].[Order Details] ([OrderID], [ProductID], [UnitPrice], [Quantity], [Discount]) VALUES (10911, 725, 337.2200, 10, 0)
INSERT [dbo].[Order Details] ([OrderID], [ProductID], [UnitPrice], [Quantity], [Discount]) VALUES (10918, 726, 337.2200, 60, 0.25)
INSERT [dbo].[Order Details] ([OrderID], [ProductID], [UnitPrice], [Quantity], [Discount]) VALUES (10935, 726, 337.2200, 21, 0)
INSERT [dbo].[Order Details] ([OrderID], [ProductID], [UnitPrice], [Quantity], [Discount]) VALUES (11003, 727, 337.2200, 4, 0)
INSERT [dbo].[Order Details] ([OrderID], [ProductID], [UnitPrice], [Quantity], [Discount]) VALUES (11005, 727, 337.2200, 2, 0)
INSERT [dbo].[Order Details] ([OrderID], [ProductID], [UnitPrice], [Quantity], [Discount]) VALUES (11006, 728, 337.2200, 8, 0)
INSERT [dbo].[Order Details] ([OrderID], [ProductID], [UnitPrice], [Quantity], [Discount]) VALUES (11025, 728, 337.2200, 10, 0.1)
INSERT [dbo].[Order Details] ([OrderID], [ProductID], [UnitPrice], [Quantity], [Discount]) VALUES (11031, 729, 337.2200, 45, 0)
INSERT [dbo].[Order Details] ([OrderID], [ProductID], [UnitPrice], [Quantity], [Discount]) VALUES (11035, 729, 337.2200, 10, 0)
INSERT [dbo].[Order Details] ([OrderID], [ProductID], [UnitPrice], [Quantity], [Discount]) VALUES (11047, 730, 337.2200, 25, 0.25)
INSERT [dbo].[Order Details] ([OrderID], [ProductID], [UnitPrice], [Quantity], [Discount]) VALUES (11070, 730, 337.2200, 40, 0.15)
INSERT [dbo].[Order Details] ([OrderID], [ProductID], [UnitPrice], [Quantity], [Discount]) VALUES (10255, 731, 594.8300, 20, 0)
INSERT [dbo].[Order Details] ([OrderID], [ProductID], [UnitPrice], [Quantity], [Discount]) VALUES (10258, 731, 594.8300, 50, 0.2)
INSERT [dbo].[Order Details] ([OrderID], [ProductID], [UnitPrice], [Quantity], [Discount]) VALUES (10264, 732, 594.8300, 35, 0)
INSERT [dbo].[Order Details] ([OrderID], [ProductID], [UnitPrice], [Quantity], [Discount]) VALUES (10298, 732, 594.8300, 40, 0)
INSERT [dbo].[Order Details] ([OrderID], [ProductID], [UnitPrice], [Quantity], [Discount]) VALUES (10327, 733, 594.8300, 25, 0.2)
INSERT [dbo].[Order Details] ([OrderID], [ProductID], [UnitPrice], [Quantity], [Discount]) VALUES (10335, 733, 594.8300, 7, 0.2)
INSERT [dbo].[Order Details] ([OrderID], [ProductID], [UnitPrice], [Quantity], [Discount]) VALUES (10342, 734, 594.8300, 24, 0.2)
INSERT [dbo].[Order Details] ([OrderID], [ProductID], [UnitPrice], [Quantity], [Discount]) VALUES (10393, 734, 594.8300, 25, 0.25)
INSERT [dbo].[Order Details] ([OrderID], [ProductID], [UnitPrice], [Quantity], [Discount]) VALUES (10418, 735, 594.8300, 60, 0)
INSERT [dbo].[Order Details] ([OrderID], [ProductID], [UnitPrice], [Quantity], [Discount]) VALUES (10435, 735, 594.8300, 10, 0)
INSERT [dbo].[Order Details] ([OrderID], [ProductID], [UnitPrice], [Quantity], [Discount]) VALUES (10440, 736, 337.2200, 45, 0.15)
INSERT [dbo].[Order Details] ([OrderID], [ProductID], [UnitPrice], [Quantity], [Discount]) VALUES (10469, 736, 337.2200, 40, 0.15)
INSERT [dbo].[Order Details] ([OrderID], [ProductID], [UnitPrice], [Quantity], [Discount]) VALUES (10485, 737, 337.2200, 20, 0.1)
INSERT [dbo].[Order Details] ([OrderID], [ProductID], [UnitPrice], [Quantity], [Discount]) VALUES (10504, 737, 337.2200, 12, 0)
INSERT [dbo].[Order Details] ([OrderID], [ProductID], [UnitPrice], [Quantity], [Discount]) VALUES (10611, 738, 337.2200, 10, 0)
INSERT [dbo].[Order Details] ([OrderID], [ProductID], [UnitPrice], [Quantity], [Discount]) VALUES (10622, 738, 337.2200, 20, 0)
INSERT [dbo].[Order Details] ([OrderID], [ProductID], [UnitPrice], [Quantity], [Discount]) VALUES (10632, 739, 1364.5000, 30, 0.05)
INSERT [dbo].[Order Details] ([OrderID], [ProductID], [UnitPrice], [Quantity], [Discount]) VALUES (10641, 739, 1364.5000, 50, 0)
INSERT [dbo].[Order Details] ([OrderID], [ProductID], [UnitPrice], [Quantity], [Discount]) VALUES (10703, 740, 1364.5000, 5, 0)
INSERT [dbo].[Order Details] ([OrderID], [ProductID], [UnitPrice], [Quantity], [Discount]) VALUES (10714, 740, 1364.5000, 30, 0.25)
INSERT [dbo].[Order Details] ([OrderID], [ProductID], [UnitPrice], [Quantity], [Discount]) VALUES (10722, 741, 1364.5000, 3, 0)
INSERT [dbo].[Order Details] ([OrderID], [ProductID], [UnitPrice], [Quantity], [Discount]) VALUES (10741, 741, 1364.5000, 15, 0.2)
INSERT [dbo].[Order Details] ([OrderID], [ProductID], [UnitPrice], [Quantity], [Discount]) VALUES (10766, 742, 1364.5000, 40, 0)
INSERT [dbo].[Order Details] ([OrderID], [ProductID], [UnitPrice], [Quantity], [Discount]) VALUES (10787, 742, 1364.5000, 15, 0.05)
INSERT [dbo].[Order Details] ([OrderID], [ProductID], [UnitPrice], [Quantity], [Discount]) VALUES (10792, 743, 1349.6000, 10, 0)
INSERT [dbo].[Order Details] ([OrderID], [ProductID], [UnitPrice], [Quantity], [Discount]) VALUES (10806, 743, 1349.6000, 20, 0.25)
INSERT [dbo].[Order Details] ([OrderID], [ProductID], [UnitPrice], [Quantity], [Discount]) VALUES (10813, 744, 1349.6000, 12, 0.2)
INSERT [dbo].[Order Details] ([OrderID], [ProductID], [UnitPrice], [Quantity], [Discount]) VALUES (10829, 744, 1349.6000, 10, 0)
INSERT [dbo].[Order Details] ([OrderID], [ProductID], [UnitPrice], [Quantity], [Discount]) VALUES (10851, 745, 1349.6000, 5, 0.05)
INSERT [dbo].[Order Details] ([OrderID], [ProductID], [UnitPrice], [Quantity], [Discount]) VALUES (10852, 745, 1349.6000, 15, 0)
INSERT [dbo].[Order Details] ([OrderID], [ProductID], [UnitPrice], [Quantity], [Discount]) VALUES (10856, 746, 1349.6000, 20, 0)
INSERT [dbo].[Order Details] ([OrderID], [ProductID], [UnitPrice], [Quantity], [Discount]) VALUES (10866, 746, 1349.6000, 21, 0.25)
INSERT [dbo].[Order Details] ([OrderID], [ProductID], [UnitPrice], [Quantity], [Discount]) VALUES (10885, 747, 1349.6000, 20, 0)
INSERT [dbo].[Order Details] ([OrderID], [ProductID], [UnitPrice], [Quantity], [Discount]) VALUES (10888, 747, 1349.6000, 20, 0)
INSERT [dbo].[Order Details] ([OrderID], [ProductID], [UnitPrice], [Quantity], [Discount]) VALUES (10939, 748, 1364.5000, 10, 0.15)
INSERT [dbo].[Order Details] ([OrderID], [ProductID], [UnitPrice], [Quantity], [Discount]) VALUES (10991, 748, 1364.5000, 50, 0.2)
INSERT [dbo].[Order Details] ([OrderID], [ProductID], [UnitPrice], [Quantity], [Discount]) VALUES (11021, 749, 3578.2700, 11, 0.25)
INSERT [dbo].[Order Details] ([OrderID], [ProductID], [UnitPrice], [Quantity], [Discount]) VALUES (11030, 749, 3578.2700, 100, 0.25)
INSERT [dbo].[Order Details] ([OrderID], [ProductID], [UnitPrice], [Quantity], [Discount]) VALUES (11041, 750, 3578.2700, 30, 0.2)
INSERT [dbo].[Order Details] ([OrderID], [ProductID], [UnitPrice], [Quantity], [Discount]) VALUES (11049, 750, 3578.2700, 10, 0.2)
INSERT [dbo].[Order Details] ([OrderID], [ProductID], [UnitPrice], [Quantity], [Discount]) VALUES (11070, 751, 3578.2700, 20, 0.15)
INSERT [dbo].[Order Details] ([OrderID], [ProductID], [UnitPrice], [Quantity], [Discount]) VALUES (11072, 751, 3578.2700, 8, 0)
INSERT [dbo].[Order Details] ([OrderID], [ProductID], [UnitPrice], [Quantity], [Discount]) VALUES (11075, 752, 3578.2700, 10, 0.15)
INSERT [dbo].[Order Details] ([OrderID], [ProductID], [UnitPrice], [Quantity], [Discount]) VALUES (11077, 752, 3578.2700, 24, 0.2)
INSERT [dbo].[Order Details] ([OrderID], [ProductID], [UnitPrice], [Quantity], [Discount]) VALUES (10289, 753, 3578.2700, 30, 0)
INSERT [dbo].[Order Details] ([OrderID], [ProductID], [UnitPrice], [Quantity], [Discount]) VALUES (10405, 753, 3578.2700, 50, 0)
INSERT [dbo].[Order Details] ([OrderID], [ProductID], [UnitPrice], [Quantity], [Discount]) VALUES (10485, 754, 1457.9900, 20, 0.1)
INSERT [dbo].[Order Details] ([OrderID], [ProductID], [UnitPrice], [Quantity], [Discount]) VALUES (10540, 754, 1457.9900, 60, 0)
INSERT [dbo].[Order Details] ([OrderID], [ProductID], [UnitPrice], [Quantity], [Discount]) VALUES (10591, 755, 1457.9900, 14, 0)
INSERT [dbo].[Order Details] ([OrderID], [ProductID], [UnitPrice], [Quantity], [Discount]) VALUES (10702, 755, 1457.9900, 6, 0)
INSERT [dbo].[Order Details] ([OrderID], [ProductID], [UnitPrice], [Quantity], [Discount]) VALUES (10742, 756, 1457.9900, 20, 0)
INSERT [dbo].[Order Details] ([OrderID], [ProductID], [UnitPrice], [Quantity], [Discount]) VALUES (10764, 756, 1457.9900, 20, 0.1)
INSERT [dbo].[Order Details] ([OrderID], [ProductID], [UnitPrice], [Quantity], [Discount]) VALUES (10849, 757, 1457.9900, 49, 0)
INSERT [dbo].[Order Details] ([OrderID], [ProductID], [UnitPrice], [Quantity], [Discount]) VALUES (10857, 757, 1457.9900, 30, 0)
INSERT [dbo].[Order Details] ([OrderID], [ProductID], [UnitPrice], [Quantity], [Discount]) VALUES (11017, 758, 1457.9900, 25, 0)
INSERT [dbo].[Order Details] ([OrderID], [ProductID], [UnitPrice], [Quantity], [Discount]) VALUES (11077, 758, 1457.9900, 4, 0)
INSERT [dbo].[Order Details] ([OrderID], [ProductID], [UnitPrice], [Quantity], [Discount]) VALUES (10309, 759, 782.9900, 20, 0)
GO
INSERT [dbo].[Order Details] ([OrderID], [ProductID], [UnitPrice], [Quantity], [Discount]) VALUES (10326, 759, 782.9900, 24, 0)
INSERT [dbo].[Order Details] ([OrderID], [ProductID], [UnitPrice], [Quantity], [Discount]) VALUES (10336, 760, 782.9900, 18, 0.1)
INSERT [dbo].[Order Details] ([OrderID], [ProductID], [UnitPrice], [Quantity], [Discount]) VALUES (10339, 760, 782.9900, 10, 0)
INSERT [dbo].[Order Details] ([OrderID], [ProductID], [UnitPrice], [Quantity], [Discount]) VALUES (10344, 761, 782.9900, 35, 0)
INSERT [dbo].[Order Details] ([OrderID], [ProductID], [UnitPrice], [Quantity], [Discount]) VALUES (10464, 761, 782.9900, 16, 0.2)
INSERT [dbo].[Order Details] ([OrderID], [ProductID], [UnitPrice], [Quantity], [Discount]) VALUES (10511, 762, 782.9900, 50, 0.15)
INSERT [dbo].[Order Details] ([OrderID], [ProductID], [UnitPrice], [Quantity], [Discount]) VALUES (10527, 762, 782.9900, 50, 0.1)
INSERT [dbo].[Order Details] ([OrderID], [ProductID], [UnitPrice], [Quantity], [Discount]) VALUES (10533, 763, 782.9900, 50, 0.05)
INSERT [dbo].[Order Details] ([OrderID], [ProductID], [UnitPrice], [Quantity], [Discount]) VALUES (10606, 763, 782.9900, 20, 0.2)
INSERT [dbo].[Order Details] ([OrderID], [ProductID], [UnitPrice], [Quantity], [Discount]) VALUES (10635, 764, 782.9900, 10, 0.1)
INSERT [dbo].[Order Details] ([OrderID], [ProductID], [UnitPrice], [Quantity], [Discount]) VALUES (10636, 764, 782.9900, 25, 0)
INSERT [dbo].[Order Details] ([OrderID], [ProductID], [UnitPrice], [Quantity], [Discount]) VALUES (10654, 765, 782.9900, 12, 0.1)
INSERT [dbo].[Order Details] ([OrderID], [ProductID], [UnitPrice], [Quantity], [Discount]) VALUES (10704, 765, 782.9900, 6, 0)
INSERT [dbo].[Order Details] ([OrderID], [ProductID], [UnitPrice], [Quantity], [Discount]) VALUES (10726, 766, 782.9900, 25, 0)
INSERT [dbo].[Order Details] ([OrderID], [ProductID], [UnitPrice], [Quantity], [Discount]) VALUES (10846, 766, 782.9900, 21, 0)
INSERT [dbo].[Order Details] ([OrderID], [ProductID], [UnitPrice], [Quantity], [Discount]) VALUES (10913, 767, 782.9900, 30, 0.25)
INSERT [dbo].[Order Details] ([OrderID], [ProductID], [UnitPrice], [Quantity], [Discount]) VALUES (10950, 767, 782.9900, 5, 0)
INSERT [dbo].[Order Details] ([OrderID], [ProductID], [UnitPrice], [Quantity], [Discount]) VALUES (11000, 768, 782.9900, 25, 0.25)
INSERT [dbo].[Order Details] ([OrderID], [ProductID], [UnitPrice], [Quantity], [Discount]) VALUES (11077, 768, 782.9900, 1, 0)
INSERT [dbo].[Order Details] ([OrderID], [ProductID], [UnitPrice], [Quantity], [Discount]) VALUES (10258, 769, 782.9900, 65, 0.2)
INSERT [dbo].[Order Details] ([OrderID], [ProductID], [UnitPrice], [Quantity], [Discount]) VALUES (10262, 769, 782.9900, 12, 0.2)
INSERT [dbo].[Order Details] ([OrderID], [ProductID], [UnitPrice], [Quantity], [Discount]) VALUES (10290, 770, 782.9900, 20, 0)
INSERT [dbo].[Order Details] ([OrderID], [ProductID], [UnitPrice], [Quantity], [Discount]) VALUES (10382, 770, 782.9900, 32, 0)
INSERT [dbo].[Order Details] ([OrderID], [ProductID], [UnitPrice], [Quantity], [Discount]) VALUES (10635, 771, 3399.9900, 15, 0.1)
INSERT [dbo].[Order Details] ([OrderID], [ProductID], [UnitPrice], [Quantity], [Discount]) VALUES (10708, 771, 3399.9900, 4, 0)
INSERT [dbo].[Order Details] ([OrderID], [ProductID], [UnitPrice], [Quantity], [Discount]) VALUES (10848, 772, 3399.9900, 30, 0)
INSERT [dbo].[Order Details] ([OrderID], [ProductID], [UnitPrice], [Quantity], [Discount]) VALUES (10958, 772, 3399.9900, 20, 0)
INSERT [dbo].[Order Details] ([OrderID], [ProductID], [UnitPrice], [Quantity], [Discount]) VALUES (11030, 773, 3399.9900, 70, 0)
INSERT [dbo].[Order Details] ([OrderID], [ProductID], [UnitPrice], [Quantity], [Discount]) VALUES (11047, 773, 3399.9900, 30, 0.25)
INSERT [dbo].[Order Details] ([OrderID], [ProductID], [UnitPrice], [Quantity], [Discount]) VALUES (10309, 774, 3399.9900, 30, 0)
INSERT [dbo].[Order Details] ([OrderID], [ProductID], [UnitPrice], [Quantity], [Discount]) VALUES (10325, 774, 3399.9900, 6, 0)
INSERT [dbo].[Order Details] ([OrderID], [ProductID], [UnitPrice], [Quantity], [Discount]) VALUES (10618, 775, 3374.9900, 70, 0)
INSERT [dbo].[Order Details] ([OrderID], [ProductID], [UnitPrice], [Quantity], [Discount]) VALUES (10734, 775, 3374.9900, 30, 0)
INSERT [dbo].[Order Details] ([OrderID], [ProductID], [UnitPrice], [Quantity], [Discount]) VALUES (10830, 776, 3374.9900, 6, 0)
INSERT [dbo].[Order Details] ([OrderID], [ProductID], [UnitPrice], [Quantity], [Discount]) VALUES (10871, 776, 3374.9900, 50, 0.05)
INSERT [dbo].[Order Details] ([OrderID], [ProductID], [UnitPrice], [Quantity], [Discount]) VALUES (10934, 777, 3374.9900, 20, 0)
INSERT [dbo].[Order Details] ([OrderID], [ProductID], [UnitPrice], [Quantity], [Discount]) VALUES (10949, 777, 3374.9900, 12, 0)
INSERT [dbo].[Order Details] ([OrderID], [ProductID], [UnitPrice], [Quantity], [Discount]) VALUES (10952, 778, 3374.9900, 16, 0.05)
INSERT [dbo].[Order Details] ([OrderID], [ProductID], [UnitPrice], [Quantity], [Discount]) VALUES (10989, 778, 3374.9900, 40, 0)
INSERT [dbo].[Order Details] ([OrderID], [ProductID], [UnitPrice], [Quantity], [Discount]) VALUES (11076, 779, 2319.9900, 20, 0.25)
INSERT [dbo].[Order Details] ([OrderID], [ProductID], [UnitPrice], [Quantity], [Discount]) VALUES (11077, 779, 2319.9900, 1, 0.02)
INSERT [dbo].[Order Details] ([OrderID], [ProductID], [UnitPrice], [Quantity], [Discount]) VALUES (10262, 780, 2319.9900, 15, 0)
INSERT [dbo].[Order Details] ([OrderID], [ProductID], [UnitPrice], [Quantity], [Discount]) VALUES (10385, 780, 2319.9900, 10, 0.2)
INSERT [dbo].[Order Details] ([OrderID], [ProductID], [UnitPrice], [Quantity], [Discount]) VALUES (10459, 781, 2319.9900, 16, 0.05)
INSERT [dbo].[Order Details] ([OrderID], [ProductID], [UnitPrice], [Quantity], [Discount]) VALUES (10471, 781, 2319.9900, 30, 0)
INSERT [dbo].[Order Details] ([OrderID], [ProductID], [UnitPrice], [Quantity], [Discount]) VALUES (10511, 782, 2294.9900, 50, 0.15)
INSERT [dbo].[Order Details] ([OrderID], [ProductID], [UnitPrice], [Quantity], [Discount]) VALUES (10546, 782, 2294.9900, 10, 0)
INSERT [dbo].[Order Details] ([OrderID], [ProductID], [UnitPrice], [Quantity], [Discount]) VALUES (10591, 783, 2294.9900, 10, 0)
INSERT [dbo].[Order Details] ([OrderID], [ProductID], [UnitPrice], [Quantity], [Discount]) VALUES (10607, 783, 2294.9900, 45, 0)
INSERT [dbo].[Order Details] ([OrderID], [ProductID], [UnitPrice], [Quantity], [Discount]) VALUES (10634, 784, 2294.9900, 35, 0)
INSERT [dbo].[Order Details] ([OrderID], [ProductID], [UnitPrice], [Quantity], [Discount]) VALUES (10694, 784, 2294.9900, 90, 0)
INSERT [dbo].[Order Details] ([OrderID], [ProductID], [UnitPrice], [Quantity], [Discount]) VALUES (10766, 785, 1079.9900, 35, 0)
INSERT [dbo].[Order Details] ([OrderID], [ProductID], [UnitPrice], [Quantity], [Discount]) VALUES (10790, 785, 1079.9900, 3, 0.15)
INSERT [dbo].[Order Details] ([OrderID], [ProductID], [UnitPrice], [Quantity], [Discount]) VALUES (10833, 786, 1079.9900, 20, 0.1)
INSERT [dbo].[Order Details] ([OrderID], [ProductID], [UnitPrice], [Quantity], [Discount]) VALUES (10858, 786, 1079.9900, 5, 0)
INSERT [dbo].[Order Details] ([OrderID], [ProductID], [UnitPrice], [Quantity], [Discount]) VALUES (10908, 787, 1079.9900, 20, 0.05)
INSERT [dbo].[Order Details] ([OrderID], [ProductID], [UnitPrice], [Quantity], [Discount]) VALUES (10909, 787, 1079.9900, 12, 0)
INSERT [dbo].[Order Details] ([OrderID], [ProductID], [UnitPrice], [Quantity], [Discount]) VALUES (10940, 788, 1079.9900, 8, 0)
INSERT [dbo].[Order Details] ([OrderID], [ProductID], [UnitPrice], [Quantity], [Discount]) VALUES (10958, 788, 1079.9900, 6, 0)
INSERT [dbo].[Order Details] ([OrderID], [ProductID], [UnitPrice], [Quantity], [Discount]) VALUES (10962, 789, 2443.3500, 45, 0)
INSERT [dbo].[Order Details] ([OrderID], [ProductID], [UnitPrice], [Quantity], [Discount]) VALUES (10979, 789, 2443.3500, 18, 0)
INSERT [dbo].[Order Details] ([OrderID], [ProductID], [UnitPrice], [Quantity], [Discount]) VALUES (10982, 790, 2443.3500, 20, 0)
INSERT [dbo].[Order Details] ([OrderID], [ProductID], [UnitPrice], [Quantity], [Discount]) VALUES (10987, 790, 2443.3500, 60, 0)
INSERT [dbo].[Order Details] ([OrderID], [ProductID], [UnitPrice], [Quantity], [Discount]) VALUES (10988, 791, 2443.3500, 60, 0)
INSERT [dbo].[Order Details] ([OrderID], [ProductID], [UnitPrice], [Quantity], [Discount]) VALUES (11001, 791, 2443.3500, 60, 0)
INSERT [dbo].[Order Details] ([OrderID], [ProductID], [UnitPrice], [Quantity], [Discount]) VALUES (11010, 792, 2443.3500, 20, 0)
INSERT [dbo].[Order Details] ([OrderID], [ProductID], [UnitPrice], [Quantity], [Discount]) VALUES (11023, 792, 2443.3500, 4, 0)
INSERT [dbo].[Order Details] ([OrderID], [ProductID], [UnitPrice], [Quantity], [Discount]) VALUES (11056, 793, 2443.3500, 40, 0)
INSERT [dbo].[Order Details] ([OrderID], [ProductID], [UnitPrice], [Quantity], [Discount]) VALUES (11071, 793, 2443.3500, 15, 0.05)
INSERT [dbo].[Order Details] ([OrderID], [ProductID], [UnitPrice], [Quantity], [Discount]) VALUES (11077, 794, 2443.3500, 1, 0.05)
INSERT [dbo].[Order Details] ([OrderID], [ProductID], [UnitPrice], [Quantity], [Discount]) VALUES (10344, 794, 2443.3500, 70, 0.25)
INSERT [dbo].[Order Details] ([OrderID], [ProductID], [UnitPrice], [Quantity], [Discount]) VALUES (10345, 795, 2443.3500, 70, 0)
INSERT [dbo].[Order Details] ([OrderID], [ProductID], [UnitPrice], [Quantity], [Discount]) VALUES (10511, 795, 2443.3500, 10, 0.15)
INSERT [dbo].[Order Details] ([OrderID], [ProductID], [UnitPrice], [Quantity], [Discount]) VALUES (10522, 796, 2443.3500, 24, 0)
INSERT [dbo].[Order Details] ([OrderID], [ProductID], [UnitPrice], [Quantity], [Discount]) VALUES (10695, 796, 2443.3500, 10, 0)
INSERT [dbo].[Order Details] ([OrderID], [ProductID], [UnitPrice], [Quantity], [Discount]) VALUES (10709, 797, 1120.4900, 40, 0)
INSERT [dbo].[Order Details] ([OrderID], [ProductID], [UnitPrice], [Quantity], [Discount]) VALUES (10786, 797, 1120.4900, 30, 0.2)
INSERT [dbo].[Order Details] ([OrderID], [ProductID], [UnitPrice], [Quantity], [Discount]) VALUES (10829, 798, 1120.4900, 20, 0)
INSERT [dbo].[Order Details] ([OrderID], [ProductID], [UnitPrice], [Quantity], [Discount]) VALUES (10893, 798, 1120.4900, 30, 0)
INSERT [dbo].[Order Details] ([OrderID], [ProductID], [UnitPrice], [Quantity], [Discount]) VALUES (10975, 799, 1120.4900, 16, 0)
INSERT [dbo].[Order Details] ([OrderID], [ProductID], [UnitPrice], [Quantity], [Discount]) VALUES (10978, 799, 1120.4900, 20, 0.15)
INSERT [dbo].[Order Details] ([OrderID], [ProductID], [UnitPrice], [Quantity], [Discount]) VALUES (11007, 800, 1120.4900, 30, 0)
INSERT [dbo].[Order Details] ([OrderID], [ProductID], [UnitPrice], [Quantity], [Discount]) VALUES (11077, 800, 1120.4900, 2, 0.1)
INSERT [dbo].[Order Details] ([OrderID], [ProductID], [UnitPrice], [Quantity], [Discount]) VALUES (10420, 801, 1120.4900, 20, 0.1)
INSERT [dbo].[Order Details] ([OrderID], [ProductID], [UnitPrice], [Quantity], [Discount]) VALUES (10515, 801, 1120.4900, 16, 0.15)
INSERT [dbo].[Order Details] ([OrderID], [ProductID], [UnitPrice], [Quantity], [Discount]) VALUES (10687, 814, 348.7600, 50, 0.25)
INSERT [dbo].[Order Details] ([OrderID], [ProductID], [UnitPrice], [Quantity], [Discount]) VALUES (10693, 814, 348.7600, 6, 0)
INSERT [dbo].[Order Details] ([OrderID], [ProductID], [UnitPrice], [Quantity], [Discount]) VALUES (10848, 815, 60.7450, 3, 0)
INSERT [dbo].[Order Details] ([OrderID], [ProductID], [UnitPrice], [Quantity], [Discount]) VALUES (10273, 815, 60.7450, 24, 0.05)
INSERT [dbo].[Order Details] ([OrderID], [ProductID], [UnitPrice], [Quantity], [Discount]) VALUES (10276, 816, 209.0250, 15, 0)
INSERT [dbo].[Order Details] ([OrderID], [ProductID], [UnitPrice], [Quantity], [Discount]) VALUES (10357, 816, 209.0250, 30, 0.2)
INSERT [dbo].[Order Details] ([OrderID], [ProductID], [UnitPrice], [Quantity], [Discount]) VALUES (10389, 817, 300.2150, 16, 0)
INSERT [dbo].[Order Details] ([OrderID], [ProductID], [UnitPrice], [Quantity], [Discount]) VALUES (10449, 817, 300.2150, 14, 0)
INSERT [dbo].[Order Details] ([OrderID], [ProductID], [UnitPrice], [Quantity], [Discount]) VALUES (10450, 818, 85.5650, 20, 0.2)
INSERT [dbo].[Order Details] ([OrderID], [ProductID], [UnitPrice], [Quantity], [Discount]) VALUES (10478, 818, 85.5650, 20, 0.05)
GO
INSERT [dbo].[Order Details] ([OrderID], [ProductID], [UnitPrice], [Quantity], [Discount]) VALUES (10519, 819, 248.3850, 16, 0.05)
INSERT [dbo].[Order Details] ([OrderID], [ProductID], [UnitPrice], [Quantity], [Discount]) VALUES (10524, 819, 248.3850, 2, 0)
INSERT [dbo].[Order Details] ([OrderID], [ProductID], [UnitPrice], [Quantity], [Discount]) VALUES (10568, 820, 330.0600, 5, 0)
INSERT [dbo].[Order Details] ([OrderID], [ProductID], [UnitPrice], [Quantity], [Discount]) VALUES (10609, 820, 330.0600, 10, 0)
INSERT [dbo].[Order Details] ([OrderID], [ProductID], [UnitPrice], [Quantity], [Discount]) VALUES (10612, 821, 218.0100, 70, 0)
INSERT [dbo].[Order Details] ([OrderID], [ProductID], [UnitPrice], [Quantity], [Discount]) VALUES (10646, 821, 218.0100, 18, 0.25)
INSERT [dbo].[Order Details] ([OrderID], [ProductID], [UnitPrice], [Quantity], [Discount]) VALUES (10664, 822, 594.8300, 24, 0.15)
INSERT [dbo].[Order Details] ([OrderID], [ProductID], [UnitPrice], [Quantity], [Discount]) VALUES (10676, 822, 594.8300, 2, 0)
INSERT [dbo].[Order Details] ([OrderID], [ProductID], [UnitPrice], [Quantity], [Discount]) VALUES (10685, 823, 87.7450, 20, 0)
INSERT [dbo].[Order Details] ([OrderID], [ProductID], [UnitPrice], [Quantity], [Discount]) VALUES (10688, 823, 87.7450, 18, 0.1)
INSERT [dbo].[Order Details] ([OrderID], [ProductID], [UnitPrice], [Quantity], [Discount]) VALUES (10713, 824, 236.0250, 18, 0)
INSERT [dbo].[Order Details] ([OrderID], [ProductID], [UnitPrice], [Quantity], [Discount]) VALUES (10715, 824, 236.0250, 21, 0)
INSERT [dbo].[Order Details] ([OrderID], [ProductID], [UnitPrice], [Quantity], [Discount]) VALUES (10724, 825, 327.2150, 16, 0)
INSERT [dbo].[Order Details] ([OrderID], [ProductID], [UnitPrice], [Quantity], [Discount]) VALUES (10775, 825, 327.2150, 6, 0)
INSERT [dbo].[Order Details] ([OrderID], [ProductID], [UnitPrice], [Quantity], [Discount]) VALUES (10785, 826, 112.5650, 10, 0)
INSERT [dbo].[Order Details] ([OrderID], [ProductID], [UnitPrice], [Quantity], [Discount]) VALUES (10804, 826, 112.5650, 36, 0)
INSERT [dbo].[Order Details] ([OrderID], [ProductID], [UnitPrice], [Quantity], [Discount]) VALUES (10827, 827, 275.3850, 15, 0)
INSERT [dbo].[Order Details] ([OrderID], [ProductID], [UnitPrice], [Quantity], [Discount]) VALUES (10841, 827, 275.3850, 16, 0)
INSERT [dbo].[Order Details] ([OrderID], [ProductID], [UnitPrice], [Quantity], [Discount]) VALUES (10854, 828, 357.0600, 100, 0.15)
INSERT [dbo].[Order Details] ([OrderID], [ProductID], [UnitPrice], [Quantity], [Discount]) VALUES (10874, 828, 357.0600, 10, 0)
INSERT [dbo].[Order Details] ([OrderID], [ProductID], [UnitPrice], [Quantity], [Discount]) VALUES (10886, 829, 245.0100, 70, 0)
INSERT [dbo].[Order Details] ([OrderID], [ProductID], [UnitPrice], [Quantity], [Discount]) VALUES (10924, 829, 245.0100, 20, 0.1)
INSERT [dbo].[Order Details] ([OrderID], [ProductID], [UnitPrice], [Quantity], [Discount]) VALUES (10946, 830, 348.7600, 25, 0)
INSERT [dbo].[Order Details] ([OrderID], [ProductID], [UnitPrice], [Quantity], [Discount]) VALUES (10949, 830, 348.7600, 30, 0)
INSERT [dbo].[Order Details] ([OrderID], [ProductID], [UnitPrice], [Quantity], [Discount]) VALUES (11020, 831, 348.7600, 24, 0.15)
INSERT [dbo].[Order Details] ([OrderID], [ProductID], [UnitPrice], [Quantity], [Discount]) VALUES (11077, 831, 348.7600, 1, 0)
INSERT [dbo].[Order Details] ([OrderID], [ProductID], [UnitPrice], [Quantity], [Discount]) VALUES (10248, 832, 348.7600, 12, 0)
INSERT [dbo].[Order Details] ([OrderID], [ProductID], [UnitPrice], [Quantity], [Discount]) VALUES (10296, 832, 348.7600, 12, 0)
INSERT [dbo].[Order Details] ([OrderID], [ProductID], [UnitPrice], [Quantity], [Discount]) VALUES (10327, 833, 594.8300, 50, 0.2)
INSERT [dbo].[Order Details] ([OrderID], [ProductID], [UnitPrice], [Quantity], [Discount]) VALUES (10353, 833, 594.8300, 12, 0.2)
INSERT [dbo].[Order Details] ([OrderID], [ProductID], [UnitPrice], [Quantity], [Discount]) VALUES (10365, 834, 594.8300, 24, 0)
INSERT [dbo].[Order Details] ([OrderID], [ProductID], [UnitPrice], [Quantity], [Discount]) VALUES (10407, 834, 594.8300, 30, 0)
INSERT [dbo].[Order Details] ([OrderID], [ProductID], [UnitPrice], [Quantity], [Discount]) VALUES (10434, 835, 594.8300, 6, 0)
INSERT [dbo].[Order Details] ([OrderID], [ProductID], [UnitPrice], [Quantity], [Discount]) VALUES (10442, 835, 594.8300, 30, 0)
INSERT [dbo].[Order Details] ([OrderID], [ProductID], [UnitPrice], [Quantity], [Discount]) VALUES (10443, 836, 594.8300, 6, 0.2)
INSERT [dbo].[Order Details] ([OrderID], [ProductID], [UnitPrice], [Quantity], [Discount]) VALUES (10466, 836, 594.8300, 10, 0)
INSERT [dbo].[Order Details] ([OrderID], [ProductID], [UnitPrice], [Quantity], [Discount]) VALUES (10486, 837, 1431.5000, 5, 0)
INSERT [dbo].[Order Details] ([OrderID], [ProductID], [UnitPrice], [Quantity], [Discount]) VALUES (10489, 837, 1431.5000, 15, 0.25)
INSERT [dbo].[Order Details] ([OrderID], [ProductID], [UnitPrice], [Quantity], [Discount]) VALUES (10528, 838, 1431.5000, 3, 0)
INSERT [dbo].[Order Details] ([OrderID], [ProductID], [UnitPrice], [Quantity], [Discount]) VALUES (10535, 838, 1431.5000, 50, 0.1)
INSERT [dbo].[Order Details] ([OrderID], [ProductID], [UnitPrice], [Quantity], [Discount]) VALUES (10542, 839, 1431.5000, 15, 0.05)
INSERT [dbo].[Order Details] ([OrderID], [ProductID], [UnitPrice], [Quantity], [Discount]) VALUES (10545, 839, 1431.5000, 10, 0)
INSERT [dbo].[Order Details] ([OrderID], [ProductID], [UnitPrice], [Quantity], [Discount]) VALUES (10553, 840, 1431.5000, 15, 0)
INSERT [dbo].[Order Details] ([OrderID], [ProductID], [UnitPrice], [Quantity], [Discount]) VALUES (10566, 840, 1431.5000, 35, 0.15)
INSERT [dbo].[Order Details] ([OrderID], [ProductID], [UnitPrice], [Quantity], [Discount]) VALUES (10570, 842, 125.0000, 15, 0.05)
INSERT [dbo].[Order Details] ([OrderID], [ProductID], [UnitPrice], [Quantity], [Discount]) VALUES (10614, 842, 125.0000, 14, 0)
INSERT [dbo].[Order Details] ([OrderID], [ProductID], [UnitPrice], [Quantity], [Discount]) VALUES (10637, 880, 54.9900, 10, 0)
INSERT [dbo].[Order Details] ([OrderID], [ProductID], [UnitPrice], [Quantity], [Discount]) VALUES (10698, 880, 54.9900, 15, 0)
INSERT [dbo].[Order Details] ([OrderID], [ProductID], [UnitPrice], [Quantity], [Discount]) VALUES (10726, 885, 1003.9100, 5, 0)
INSERT [dbo].[Order Details] ([OrderID], [ProductID], [UnitPrice], [Quantity], [Discount]) VALUES (10770, 885, 1003.9100, 15, 0.25)
INSERT [dbo].[Order Details] ([OrderID], [ProductID], [UnitPrice], [Quantity], [Discount]) VALUES (10797, 886, 333.4200, 20, 0)
INSERT [dbo].[Order Details] ([OrderID], [ProductID], [UnitPrice], [Quantity], [Discount]) VALUES (10800, 886, 333.4200, 50, 0.1)
INSERT [dbo].[Order Details] ([OrderID], [ProductID], [UnitPrice], [Quantity], [Discount]) VALUES (10823, 887, 1003.9100, 20, 0.1)
INSERT [dbo].[Order Details] ([OrderID], [ProductID], [UnitPrice], [Quantity], [Discount]) VALUES (10842, 887, 1003.9100, 15, 0)
INSERT [dbo].[Order Details] ([OrderID], [ProductID], [UnitPrice], [Quantity], [Discount]) VALUES (10862, 888, 1003.9100, 25, 0)
INSERT [dbo].[Order Details] ([OrderID], [ProductID], [UnitPrice], [Quantity], [Discount]) VALUES (10869, 888, 1003.9100, 10, 0)
INSERT [dbo].[Order Details] ([OrderID], [ProductID], [UnitPrice], [Quantity], [Discount]) VALUES (10889, 889, 1003.9100, 40, 0)
INSERT [dbo].[Order Details] ([OrderID], [ProductID], [UnitPrice], [Quantity], [Discount]) VALUES (10912, 889, 1003.9100, 40, 0.25)
INSERT [dbo].[Order Details] ([OrderID], [ProductID], [UnitPrice], [Quantity], [Discount]) VALUES (10926, 890, 1003.9100, 2, 0)
INSERT [dbo].[Order Details] ([OrderID], [ProductID], [UnitPrice], [Quantity], [Discount]) VALUES (10944, 890, 1003.9100, 5, 0.25)
INSERT [dbo].[Order Details] ([OrderID], [ProductID], [UnitPrice], [Quantity], [Discount]) VALUES (10986, 891, 1003.9100, 30, 0)
INSERT [dbo].[Order Details] ([OrderID], [ProductID], [UnitPrice], [Quantity], [Discount]) VALUES (10989, 891, 1003.9100, 15, 0)
INSERT [dbo].[Order Details] ([OrderID], [ProductID], [UnitPrice], [Quantity], [Discount]) VALUES (11043, 892, 1003.9100, 10, 0)
INSERT [dbo].[Order Details] ([OrderID], [ProductID], [UnitPrice], [Quantity], [Discount]) VALUES (11073, 892, 1003.9100, 10, 0)
INSERT [dbo].[Order Details] ([OrderID], [ProductID], [UnitPrice], [Quantity], [Discount]) VALUES (10266, 893, 1003.9100, 12, 0.05)
INSERT [dbo].[Order Details] ([OrderID], [ProductID], [UnitPrice], [Quantity], [Discount]) VALUES (10439, 893, 1003.9100, 15, 0)
INSERT [dbo].[Order Details] ([OrderID], [ProductID], [UnitPrice], [Quantity], [Discount]) VALUES (10536, 894, 121.4600, 15, 0.25)
INSERT [dbo].[Order Details] ([OrderID], [ProductID], [UnitPrice], [Quantity], [Discount]) VALUES (10543, 894, 121.4600, 30, 0.15)
INSERT [dbo].[Order Details] ([OrderID], [ProductID], [UnitPrice], [Quantity], [Discount]) VALUES (10633, 907, 106.5000, 36, 0.15)
INSERT [dbo].[Order Details] ([OrderID], [ProductID], [UnitPrice], [Quantity], [Discount]) VALUES (10678, 907, 106.5000, 100, 0)
INSERT [dbo].[Order Details] ([OrderID], [ProductID], [UnitPrice], [Quantity], [Discount]) VALUES (10695, 935, 40.4900, 4, 0)
INSERT [dbo].[Order Details] ([OrderID], [ProductID], [UnitPrice], [Quantity], [Discount]) VALUES (10718, 935, 40.4900, 36, 0)
INSERT [dbo].[Order Details] ([OrderID], [ProductID], [UnitPrice], [Quantity], [Discount]) VALUES (10968, 936, 62.0900, 30, 0)
INSERT [dbo].[Order Details] ([OrderID], [ProductID], [UnitPrice], [Quantity], [Discount]) VALUES (10979, 936, 62.0900, 20, 0)
INSERT [dbo].[Order Details] ([OrderID], [ProductID], [UnitPrice], [Quantity], [Discount]) VALUES (11018, 937, 80.9900, 20, 0)
INSERT [dbo].[Order Details] ([OrderID], [ProductID], [UnitPrice], [Quantity], [Discount]) VALUES (11046, 937, 80.9900, 20, 0.05)
INSERT [dbo].[Order Details] ([OrderID], [ProductID], [UnitPrice], [Quantity], [Discount]) VALUES (11049, 938, 40.4900, 4, 0.2)
INSERT [dbo].[Order Details] ([OrderID], [ProductID], [UnitPrice], [Quantity], [Discount]) VALUES (11077, 938, 40.4900, 2, 0.05)
INSERT [dbo].[Order Details] ([OrderID], [ProductID], [UnitPrice], [Quantity], [Discount]) VALUES (10276, 939, 62.0900, 10, 0)
INSERT [dbo].[Order Details] ([OrderID], [ProductID], [UnitPrice], [Quantity], [Discount]) VALUES (10291, 939, 62.0900, 20, 0.1)
INSERT [dbo].[Order Details] ([OrderID], [ProductID], [UnitPrice], [Quantity], [Discount]) VALUES (10325, 940, 80.9900, 12, 0)
INSERT [dbo].[Order Details] ([OrderID], [ProductID], [UnitPrice], [Quantity], [Discount]) VALUES (10383, 940, 80.9900, 20, 0)
INSERT [dbo].[Order Details] ([OrderID], [ProductID], [UnitPrice], [Quantity], [Discount]) VALUES (10391, 941, 80.9900, 18, 0)
INSERT [dbo].[Order Details] ([OrderID], [ProductID], [UnitPrice], [Quantity], [Discount]) VALUES (10394, 941, 80.9900, 10, 0)
INSERT [dbo].[Order Details] ([OrderID], [ProductID], [UnitPrice], [Quantity], [Discount]) VALUES (10420, 942, 364.0900, 2, 0.1)
INSERT [dbo].[Order Details] ([OrderID], [ProductID], [UnitPrice], [Quantity], [Discount]) VALUES (10462, 942, 364.0900, 1, 0)
INSERT [dbo].[Order Details] ([OrderID], [ProductID], [UnitPrice], [Quantity], [Discount]) VALUES (10508, 943, 249.7900, 10, 0)
INSERT [dbo].[Order Details] ([OrderID], [ProductID], [UnitPrice], [Quantity], [Discount]) VALUES (10526, 943, 249.7900, 10, 0)
INSERT [dbo].[Order Details] ([OrderID], [ProductID], [UnitPrice], [Quantity], [Discount]) VALUES (10539, 944, 264.0500, 8, 0)
INSERT [dbo].[Order Details] ([OrderID], [ProductID], [UnitPrice], [Quantity], [Discount]) VALUES (10601, 944, 264.0500, 60, 0)
INSERT [dbo].[Order Details] ([OrderID], [ProductID], [UnitPrice], [Quantity], [Discount]) VALUES (10613, 945, 91.4900, 8, 0.1)
INSERT [dbo].[Order Details] ([OrderID], [ProductID], [UnitPrice], [Quantity], [Discount]) VALUES (10633, 945, 91.4900, 13, 0.15)
INSERT [dbo].[Order Details] ([OrderID], [ProductID], [UnitPrice], [Quantity], [Discount]) VALUES (10737, 948, 106.5000, 4, 0)
INSERT [dbo].[Order Details] ([OrderID], [ProductID], [UnitPrice], [Quantity], [Discount]) VALUES (10746, 948, 106.5000, 6, 0)
INSERT [dbo].[Order Details] ([OrderID], [ProductID], [UnitPrice], [Quantity], [Discount]) VALUES (10799, 949, 175.4900, 20, 0.15)
GO
INSERT [dbo].[Order Details] ([OrderID], [ProductID], [UnitPrice], [Quantity], [Discount]) VALUES (10810, 949, 175.4900, 7, 0)
INSERT [dbo].[Order Details] ([OrderID], [ProductID], [UnitPrice], [Quantity], [Discount]) VALUES (10829, 950, 256.4900, 10, 0)
INSERT [dbo].[Order Details] ([OrderID], [ProductID], [UnitPrice], [Quantity], [Discount]) VALUES (10832, 950, 256.4900, 3, 0.2)
INSERT [dbo].[Order Details] ([OrderID], [ProductID], [UnitPrice], [Quantity], [Discount]) VALUES (10837, 951, 404.9900, 6, 0)
INSERT [dbo].[Order Details] ([OrderID], [ProductID], [UnitPrice], [Quantity], [Discount]) VALUES (10854, 951, 404.9900, 65, 0.15)
INSERT [dbo].[Order Details] ([OrderID], [ProductID], [UnitPrice], [Quantity], [Discount]) VALUES (10894, 952, 20.2400, 28, 0.05)
INSERT [dbo].[Order Details] ([OrderID], [ProductID], [UnitPrice], [Quantity], [Discount]) VALUES (10898, 952, 20.2400, 5, 0)
INSERT [dbo].[Order Details] ([OrderID], [ProductID], [UnitPrice], [Quantity], [Discount]) VALUES (10903, 953, 1214.8500, 40, 0)
INSERT [dbo].[Order Details] ([OrderID], [ProductID], [UnitPrice], [Quantity], [Discount]) VALUES (10926, 953, 1214.8500, 10, 0)
INSERT [dbo].[Order Details] ([OrderID], [ProductID], [UnitPrice], [Quantity], [Discount]) VALUES (10931, 954, 2384.0700, 42, 0.15)
INSERT [dbo].[Order Details] ([OrderID], [ProductID], [UnitPrice], [Quantity], [Discount]) VALUES (10938, 954, 2384.0700, 20, 0.25)
INSERT [dbo].[Order Details] ([OrderID], [ProductID], [UnitPrice], [Quantity], [Discount]) VALUES (10940, 955, 2384.0700, 20, 0)
INSERT [dbo].[Order Details] ([OrderID], [ProductID], [UnitPrice], [Quantity], [Discount]) VALUES (10943, 955, 2384.0700, 15, 0)
INSERT [dbo].[Order Details] ([OrderID], [ProductID], [UnitPrice], [Quantity], [Discount]) VALUES (10945, 956, 2384.0700, 20, 0)
INSERT [dbo].[Order Details] ([OrderID], [ProductID], [UnitPrice], [Quantity], [Discount]) VALUES (10962, 956, 2384.0700, 77, 0)
INSERT [dbo].[Order Details] ([OrderID], [ProductID], [UnitPrice], [Quantity], [Discount]) VALUES (10983, 957, 2384.0700, 84, 0.15)
INSERT [dbo].[Order Details] ([OrderID], [ProductID], [UnitPrice], [Quantity], [Discount]) VALUES (11002, 957, 2384.0700, 56, 0)
INSERT [dbo].[Order Details] ([OrderID], [ProductID], [UnitPrice], [Quantity], [Discount]) VALUES (11025, 958, 742.3500, 20, 0.1)
INSERT [dbo].[Order Details] ([OrderID], [ProductID], [UnitPrice], [Quantity], [Discount]) VALUES (11031, 958, 742.3500, 80, 0)
INSERT [dbo].[Order Details] ([OrderID], [ProductID], [UnitPrice], [Quantity], [Discount]) VALUES (11036, 959, 742.3500, 7, 0)
INSERT [dbo].[Order Details] ([OrderID], [ProductID], [UnitPrice], [Quantity], [Discount]) VALUES (11059, 959, 742.3500, 30, 0)
INSERT [dbo].[Order Details] ([OrderID], [ProductID], [UnitPrice], [Quantity], [Discount]) VALUES (11071, 960, 742.3500, 10, 0.05)
INSERT [dbo].[Order Details] ([OrderID], [ProductID], [UnitPrice], [Quantity], [Discount]) VALUES (11077, 960, 742.3500, 4, 0)
INSERT [dbo].[Order Details] ([OrderID], [ProductID], [UnitPrice], [Quantity], [Discount]) VALUES (10249, 961, 742.3500, 9, 0)
INSERT [dbo].[Order Details] ([OrderID], [ProductID], [UnitPrice], [Quantity], [Discount]) VALUES (10325, 961, 742.3500, 9, 0)
INSERT [dbo].[Order Details] ([OrderID], [ProductID], [UnitPrice], [Quantity], [Discount]) VALUES (10333, 962, 742.3500, 10, 0)
INSERT [dbo].[Order Details] ([OrderID], [ProductID], [UnitPrice], [Quantity], [Discount]) VALUES (10375, 962, 742.3500, 15, 0)
INSERT [dbo].[Order Details] ([OrderID], [ProductID], [UnitPrice], [Quantity], [Discount]) VALUES (10393, 963, 742.3500, 42, 0.25)
INSERT [dbo].[Order Details] ([OrderID], [ProductID], [UnitPrice], [Quantity], [Discount]) VALUES (10409, 963, 742.3500, 12, 0)
INSERT [dbo].[Order Details] ([OrderID], [ProductID], [UnitPrice], [Quantity], [Discount]) VALUES (10412, 964, 742.3500, 20, 0.1)
INSERT [dbo].[Order Details] ([OrderID], [ProductID], [UnitPrice], [Quantity], [Discount]) VALUES (10427, 964, 742.3500, 35, 0)
INSERT [dbo].[Order Details] ([OrderID], [ProductID], [UnitPrice], [Quantity], [Discount]) VALUES (10474, 965, 742.3500, 12, 0)
INSERT [dbo].[Order Details] ([OrderID], [ProductID], [UnitPrice], [Quantity], [Discount]) VALUES (10503, 965, 742.3500, 70, 0)
INSERT [dbo].[Order Details] ([OrderID], [ProductID], [UnitPrice], [Quantity], [Discount]) VALUES (10555, 966, 2384.0700, 30, 0.2)
INSERT [dbo].[Order Details] ([OrderID], [ProductID], [UnitPrice], [Quantity], [Discount]) VALUES (10571, 966, 2384.0700, 11, 0.15)
INSERT [dbo].[Order Details] ([OrderID], [ProductID], [UnitPrice], [Quantity], [Discount]) VALUES (10580, 967, 2384.0700, 15, 0.05)
INSERT [dbo].[Order Details] ([OrderID], [ProductID], [UnitPrice], [Quantity], [Discount]) VALUES (10623, 967, 2384.0700, 21, 0)
INSERT [dbo].[Order Details] ([OrderID], [ProductID], [UnitPrice], [Quantity], [Discount]) VALUES (10625, 968, 2384.0700, 3, 0)
INSERT [dbo].[Order Details] ([OrderID], [ProductID], [UnitPrice], [Quantity], [Discount]) VALUES (10656, 968, 2384.0700, 3, 0.1)
INSERT [dbo].[Order Details] ([OrderID], [ProductID], [UnitPrice], [Quantity], [Discount]) VALUES (10675, 969, 2384.0700, 30, 0)
INSERT [dbo].[Order Details] ([OrderID], [ProductID], [UnitPrice], [Quantity], [Discount]) VALUES (10733, 969, 2384.0700, 16, 0)
INSERT [dbo].[Order Details] ([OrderID], [ProductID], [UnitPrice], [Quantity], [Discount]) VALUES (10750, 970, 1214.8500, 5, 0.15)
INSERT [dbo].[Order Details] ([OrderID], [ProductID], [UnitPrice], [Quantity], [Discount]) VALUES (10794, 970, 1214.8500, 15, 0.2)
INSERT [dbo].[Order Details] ([OrderID], [ProductID], [UnitPrice], [Quantity], [Discount]) VALUES (11076, 971, 1214.8500, 20, 0.25)
INSERT [dbo].[Order Details] ([OrderID], [ProductID], [UnitPrice], [Quantity], [Discount]) VALUES (11077, 971, 1214.8500, 1, 0.03)
INSERT [dbo].[Order Details] ([OrderID], [ProductID], [UnitPrice], [Quantity], [Discount]) VALUES (10283, 972, 1214.8500, 20, 0)
INSERT [dbo].[Order Details] ([OrderID], [ProductID], [UnitPrice], [Quantity], [Discount]) VALUES (10323, 972, 1214.8500, 5, 0)
INSERT [dbo].[Order Details] ([OrderID], [ProductID], [UnitPrice], [Quantity], [Discount]) VALUES (10500, 973, 1700.9900, 12, 0.05)
INSERT [dbo].[Order Details] ([OrderID], [ProductID], [UnitPrice], [Quantity], [Discount]) VALUES (10579, 973, 1700.9900, 10, 0)
INSERT [dbo].[Order Details] ([OrderID], [ProductID], [UnitPrice], [Quantity], [Discount]) VALUES (10592, 974, 1700.9900, 25, 0.05)
INSERT [dbo].[Order Details] ([OrderID], [ProductID], [UnitPrice], [Quantity], [Discount]) VALUES (10657, 974, 1700.9900, 50, 0)
INSERT [dbo].[Order Details] ([OrderID], [ProductID], [UnitPrice], [Quantity], [Discount]) VALUES (10255, 975, 1700.9900, 35, 0)
INSERT [dbo].[Order Details] ([OrderID], [ProductID], [UnitPrice], [Quantity], [Discount]) VALUES (10263, 975, 1700.9900, 60, 0.25)
INSERT [dbo].[Order Details] ([OrderID], [ProductID], [UnitPrice], [Quantity], [Discount]) VALUES (10287, 976, 1700.9900, 40, 0.15)
INSERT [dbo].[Order Details] ([OrderID], [ProductID], [UnitPrice], [Quantity], [Discount]) VALUES (10296, 976, 1700.9900, 30, 0)
INSERT [dbo].[Order Details] ([OrderID], [ProductID], [UnitPrice], [Quantity], [Discount]) VALUES (10310, 977, 539.9900, 10, 0)
INSERT [dbo].[Order Details] ([OrderID], [ProductID], [UnitPrice], [Quantity], [Discount]) VALUES (10324, 977, 539.9900, 21, 0.15)
INSERT [dbo].[Order Details] ([OrderID], [ProductID], [UnitPrice], [Quantity], [Discount]) VALUES (10359, 978, 742.3500, 56, 0.05)
INSERT [dbo].[Order Details] ([OrderID], [ProductID], [UnitPrice], [Quantity], [Discount]) VALUES (10403, 978, 742.3500, 21, 0.15)
INSERT [dbo].[Order Details] ([OrderID], [ProductID], [UnitPrice], [Quantity], [Discount]) VALUES (10439, 979, 742.3500, 16, 0)
INSERT [dbo].[Order Details] ([OrderID], [ProductID], [UnitPrice], [Quantity], [Discount]) VALUES (10440, 979, 742.3500, 49, 0.15)
INSERT [dbo].[Order Details] ([OrderID], [ProductID], [UnitPrice], [Quantity], [Discount]) VALUES (10454, 980, 769.4900, 20, 0.2)
INSERT [dbo].[Order Details] ([OrderID], [ProductID], [UnitPrice], [Quantity], [Discount]) VALUES (10469, 980, 769.4900, 35, 0.15)
INSERT [dbo].[Order Details] ([OrderID], [ProductID], [UnitPrice], [Quantity], [Discount]) VALUES (10489, 981, 769.4900, 18, 0)
INSERT [dbo].[Order Details] ([OrderID], [ProductID], [UnitPrice], [Quantity], [Discount]) VALUES (10515, 981, 769.4900, 50, 0)
INSERT [dbo].[Order Details] ([OrderID], [ProductID], [UnitPrice], [Quantity], [Discount]) VALUES (10551, 982, 769.4900, 40, 0.15)
INSERT [dbo].[Order Details] ([OrderID], [ProductID], [UnitPrice], [Quantity], [Discount]) VALUES (10553, 982, 769.4900, 14, 0)
INSERT [dbo].[Order Details] ([OrderID], [ProductID], [UnitPrice], [Quantity], [Discount]) VALUES (10554, 983, 769.4900, 30, 0.05)
INSERT [dbo].[Order Details] ([OrderID], [ProductID], [UnitPrice], [Quantity], [Discount]) VALUES (10572, 983, 769.4900, 12, 0.1)
INSERT [dbo].[Order Details] ([OrderID], [ProductID], [UnitPrice], [Quantity], [Discount]) VALUES (10605, 984, 564.9900, 30, 0.05)
INSERT [dbo].[Order Details] ([OrderID], [ProductID], [UnitPrice], [Quantity], [Discount]) VALUES (10653, 984, 564.9900, 30, 0.1)
INSERT [dbo].[Order Details] ([OrderID], [ProductID], [UnitPrice], [Quantity], [Discount]) VALUES (10671, 985, 564.9900, 10, 0)
INSERT [dbo].[Order Details] ([OrderID], [ProductID], [UnitPrice], [Quantity], [Discount]) VALUES (10673, 985, 564.9900, 3, 0)
INSERT [dbo].[Order Details] ([OrderID], [ProductID], [UnitPrice], [Quantity], [Discount]) VALUES (10680, 986, 564.9900, 50, 0.25)
INSERT [dbo].[Order Details] ([OrderID], [ProductID], [UnitPrice], [Quantity], [Discount]) VALUES (10706, 986, 564.9900, 20, 0)
INSERT [dbo].[Order Details] ([OrderID], [ProductID], [UnitPrice], [Quantity], [Discount]) VALUES (10718, 987, 564.9900, 20, 0)
INSERT [dbo].[Order Details] ([OrderID], [ProductID], [UnitPrice], [Quantity], [Discount]) VALUES (10730, 987, 564.9900, 15, 0.05)
INSERT [dbo].[Order Details] ([OrderID], [ProductID], [UnitPrice], [Quantity], [Discount]) VALUES (10738, 988, 564.9900, 3, 0)
INSERT [dbo].[Order Details] ([OrderID], [ProductID], [UnitPrice], [Quantity], [Discount]) VALUES (10779, 988, 564.9900, 20, 0)
INSERT [dbo].[Order Details] ([OrderID], [ProductID], [UnitPrice], [Quantity], [Discount]) VALUES (10795, 989, 539.9900, 65, 0)
INSERT [dbo].[Order Details] ([OrderID], [ProductID], [UnitPrice], [Quantity], [Discount]) VALUES (10855, 989, 539.9900, 50, 0)
INSERT [dbo].[Order Details] ([OrderID], [ProductID], [UnitPrice], [Quantity], [Discount]) VALUES (10871, 990, 539.9900, 12, 0.05)
INSERT [dbo].[Order Details] ([OrderID], [ProductID], [UnitPrice], [Quantity], [Discount]) VALUES (10877, 990, 539.9900, 30, 0.25)
INSERT [dbo].[Order Details] ([OrderID], [ProductID], [UnitPrice], [Quantity], [Discount]) VALUES (10909, 991, 539.9900, 15, 0)
INSERT [dbo].[Order Details] ([OrderID], [ProductID], [UnitPrice], [Quantity], [Discount]) VALUES (10916, 991, 539.9900, 6, 0)
INSERT [dbo].[Order Details] ([OrderID], [ProductID], [UnitPrice], [Quantity], [Discount]) VALUES (10919, 992, 539.9900, 24, 0)
INSERT [dbo].[Order Details] ([OrderID], [ProductID], [UnitPrice], [Quantity], [Discount]) VALUES (10932, 992, 539.9900, 30, 0.1)
INSERT [dbo].[Order Details] ([OrderID], [ProductID], [UnitPrice], [Quantity], [Discount]) VALUES (10954, 993, 539.9900, 28, 0.15)
INSERT [dbo].[Order Details] ([OrderID], [ProductID], [UnitPrice], [Quantity], [Discount]) VALUES (10984, 993, 539.9900, 55, 0)
INSERT [dbo].[Order Details] ([OrderID], [ProductID], [UnitPrice], [Quantity], [Discount]) VALUES (10985, 997, 539.9900, 36, 0.1)
INSERT [dbo].[Order Details] ([OrderID], [ProductID], [UnitPrice], [Quantity], [Discount]) VALUES (11066, 997, 539.9900, 3, 0)
INSERT [dbo].[Order Details] ([OrderID], [ProductID], [UnitPrice], [Quantity], [Discount]) VALUES (11070, 998, 539.9900, 30, 0.15)
INSERT [dbo].[Order Details] ([OrderID], [ProductID], [UnitPrice], [Quantity], [Discount]) VALUES (11074, 998, 539.9900, 14, 0.05)
INSERT [dbo].[Order Details] ([OrderID], [ProductID], [UnitPrice], [Quantity], [Discount]) VALUES (11077, 999, 539.9900, 2, 0.03)
INSERT [dbo].[Order Details] ([OrderID], [ProductID], [UnitPrice], [Quantity], [Discount]) VALUES (10265, 999, 539.9900, 30, 0)
/****** Object:  Table [dbo].[Orders] ******/
SET ANSI_NULLS ON
GO
SET QUOTED_IDENTIFIER ON
GO
CREATE TABLE [dbo].[Orders](
	[OrderID] [int] IDENTITY(1,1) NOT NULL,
	[CustomerID] [varchar](16) NULL,
	[OrderDate] [datetime] NULL,
	[RequiredDate] [datetime] NULL,
	[ShippedDate] [datetime] NULL,
	[ShipVia] [int] NULL,
 CONSTRAINT [PK_Orders] PRIMARY KEY CLUSTERED 
(
	[OrderID] ASC
)WITH (PAD_INDEX  = OFF, STATISTICS_NORECOMPUTE  = OFF, IGNORE_DUP_KEY = OFF, ALLOW_ROW_LOCKS  = ON, ALLOW_PAGE_LOCKS  = ON) ON [PRIMARY]
) ON [PRIMARY]
GO
SET IDENTITY_INSERT [dbo].[Orders] ON

INSERT [dbo].[Orders] ([OrderID], [CustomerID], [OrderDate], [RequiredDate], [ShippedDate], [ShipVia]) VALUES (10248, N'CPDM10001', CAST(0x000089B000000000 AS DateTime), CAST(0x000089CC00000000 AS DateTime), CAST(0x000089BC00000000 AS DateTime), 4)
INSERT [dbo].[Orders] ([OrderID], [CustomerID], [OrderDate], [RequiredDate], [ShippedDate], [ShipVia]) VALUES (10249, N'CPDM10002', CAST(0x000089B100000000 AS DateTime), CAST(0x000089DB00000000 AS DateTime), CAST(0x000089B600000000 AS DateTime), 2)
INSERT [dbo].[Orders] ([OrderID], [CustomerID], [OrderDate], [RequiredDate], [ShippedDate], [ShipVia]) VALUES (10255, N'CPDM10032', CAST(0x000089B800000000 AS DateTime), CAST(0x000089D400000000 AS DateTime), CAST(0x000089BB00000000 AS DateTime), 3)
INSERT [dbo].[Orders] ([OrderID], [CustomerID], [OrderDate], [RequiredDate], [ShippedDate], [ShipVia]) VALUES (10258, N'CPDM10003', CAST(0x000089BD00000000 AS DateTime), CAST(0x000089D900000000 AS DateTime), CAST(0x000089C300000000 AS DateTime), 6)
INSERT [dbo].[Orders] ([OrderID], [CustomerID], [OrderDate], [RequiredDate], [ShippedDate], [ShipVia]) VALUES (10262, N'CPDM10004', CAST(0x000089C200000000 AS DateTime), CAST(0x000089DE00000000 AS DateTime), CAST(0x000089C500000000 AS DateTime), 4)
INSERT [dbo].[Orders] ([OrderID], [CustomerID], [OrderDate], [RequiredDate], [ShippedDate], [ShipVia]) VALUES (10263, N'CPDM10003', CAST(0x000089C300000000 AS DateTime), CAST(0x000089DF00000000 AS DateTime), CAST(0x000089CB00000000 AS DateTime), 3)
INSERT [dbo].[Orders] ([OrderID], [CustomerID], [OrderDate], [RequiredDate], [ShippedDate], [ShipVia]) VALUES (10264, N'CPDM10005', CAST(0x000089C400000000 AS DateTime), CAST(0x000089E000000000 AS DateTime), CAST(0x000089E200000000 AS DateTime), 4)
INSERT [dbo].[Orders] ([OrderID], [CustomerID], [OrderDate], [RequiredDate], [ShippedDate], [ShipVia]) VALUES (10265, N'CPDM10006', CAST(0x000089C500000000 AS DateTime), CAST(0x000089E100000000 AS DateTime), CAST(0x000089D700000000 AS DateTime), 3)
INSERT [dbo].[Orders] ([OrderID], [CustomerID], [OrderDate], [RequiredDate], [ShippedDate], [ShipVia]) VALUES (10266, N'CPDM10007', CAST(0x000089C600000000 AS DateTime), CAST(0x000089F000000000 AS DateTime), CAST(0x000089CB00000000 AS DateTime), 4)
INSERT [dbo].[Orders] ([OrderID], [CustomerID], [OrderDate], [RequiredDate], [ShippedDate], [ShipVia]) VALUES (10273, N'CPDM10008', CAST(0x000089D000000000 AS DateTime), CAST(0x000089EC00000000 AS DateTime), CAST(0x000089D700000000 AS DateTime), 3)
INSERT [dbo].[Orders] ([OrderID], [CustomerID], [OrderDate], [RequiredDate], [ShippedDate], [ShipVia]) VALUES (10276, N'CPDM10009', CAST(0x000089D300000000 AS DateTime), CAST(0x000089E100000000 AS DateTime), CAST(0x000089D900000000 AS DateTime), 5)
INSERT [dbo].[Orders] ([OrderID], [CustomerID], [OrderDate], [RequiredDate], [ShippedDate], [ShipVia]) VALUES (10283, N'CPDM10010', CAST(0x000089DB00000000 AS DateTime), CAST(0x000089F700000000 AS DateTime), CAST(0x000089E200000000 AS DateTime), 6)
INSERT [dbo].[Orders] ([OrderID], [CustomerID], [OrderDate], [RequiredDate], [ShippedDate], [ShipVia]) VALUES (10285, N'CPDM10008', CAST(0x000089DF00000000 AS DateTime), CAST(0x000089FB00000000 AS DateTime), CAST(0x000089E500000000 AS DateTime), 5)
INSERT [dbo].[Orders] ([OrderID], [CustomerID], [OrderDate], [RequiredDate], [ShippedDate], [ShipVia]) VALUES (10287, N'CPDM10011', CAST(0x000089E100000000 AS DateTime), CAST(0x000089FD00000000 AS DateTime), CAST(0x000089E700000000 AS DateTime), 3)
INSERT [dbo].[Orders] ([OrderID], [CustomerID], [OrderDate], [RequiredDate], [ShippedDate], [ShipVia]) VALUES (10289, N'CPDM10012', CAST(0x000089E500000000 AS DateTime), CAST(0x00008A0100000000 AS DateTime), CAST(0x000089E700000000 AS DateTime), 4)
INSERT [dbo].[Orders] ([OrderID], [CustomerID], [OrderDate], [RequiredDate], [ShippedDate], [ShipVia]) VALUES (10290, N'CPDM10013', CAST(0x000089E600000000 AS DateTime), CAST(0x00008A0200000000 AS DateTime), CAST(0x000089ED00000000 AS DateTime), 6)
INSERT [dbo].[Orders] ([OrderID], [CustomerID], [OrderDate], [RequiredDate], [ShippedDate], [ShipVia]) VALUES (10291, N'CPDM10014', CAST(0x000089E600000000 AS DateTime), CAST(0x00008A0200000000 AS DateTime), CAST(0x000089EE00000000 AS DateTime), 2)
INSERT [dbo].[Orders] ([OrderID], [CustomerID], [OrderDate], [RequiredDate], [ShippedDate], [ShipVia]) VALUES (10294, N'CPDM10004', CAST(0x000089E900000000 AS DateTime), CAST(0x00008A0500000000 AS DateTime), CAST(0x000089EF00000000 AS DateTime), 5)
INSERT [dbo].[Orders] ([OrderID], [CustomerID], [OrderDate], [RequiredDate], [ShippedDate], [ShipVia]) VALUES (10296, N'CPDM10010', CAST(0x000089ED00000000 AS DateTime), CAST(0x00008A0900000000 AS DateTime), CAST(0x000089F500000000 AS DateTime), 2)
INSERT [dbo].[Orders] ([OrderID], [CustomerID], [OrderDate], [RequiredDate], [ShippedDate], [ShipVia]) VALUES (10298, N'CPDM10015', CAST(0x000089EF00000000 AS DateTime), CAST(0x00008A0B00000000 AS DateTime), CAST(0x000089F500000000 AS DateTime), 1)
INSERT [dbo].[Orders] ([OrderID], [CustomerID], [OrderDate], [RequiredDate], [ShippedDate], [ShipVia]) VALUES (10309, N'CPDM10015', CAST(0x000089FD00000000 AS DateTime), CAST(0x00008A1900000000 AS DateTime), CAST(0x00008A1F00000000 AS DateTime), 5)
INSERT [dbo].[Orders] ([OrderID], [CustomerID], [OrderDate], [RequiredDate], [ShippedDate], [ShipVia]) VALUES (10310, N'CPDM10016', CAST(0x000089FE00000000 AS DateTime), CAST(0x00008A1A00000000 AS DateTime), CAST(0x00008A0500000000 AS DateTime), 6)
INSERT [dbo].[Orders] ([OrderID], [CustomerID], [OrderDate], [RequiredDate], [ShippedDate], [ShipVia]) VALUES (10317, N'CPDM10017', CAST(0x00008A0800000000 AS DateTime), CAST(0x00008A2400000000 AS DateTime), CAST(0x00008A1200000000 AS DateTime), 1)
INSERT [dbo].[Orders] ([OrderID], [CustomerID], [OrderDate], [RequiredDate], [ShippedDate], [ShipVia]) VALUES (10323, N'CPDM10018', CAST(0x00008A0F00000000 AS DateTime), CAST(0x00008A2B00000000 AS DateTime), CAST(0x00008A1600000000 AS DateTime), 3)
INSERT [dbo].[Orders] ([OrderID], [CustomerID], [OrderDate], [RequiredDate], [ShippedDate], [ShipVia]) VALUES (10324, N'CPDM10019', CAST(0x00008A1000000000 AS DateTime), CAST(0x00008A2C00000000 AS DateTime), CAST(0x00008A1200000000 AS DateTime), 3)
INSERT [dbo].[Orders] ([OrderID], [CustomerID], [OrderDate], [RequiredDate], [ShippedDate], [ShipVia]) VALUES (10325, N'CPDM10018', CAST(0x00008A1100000000 AS DateTime), CAST(0x00008A1F00000000 AS DateTime), CAST(0x00008A1600000000 AS DateTime), 6)
INSERT [dbo].[Orders] ([OrderID], [CustomerID], [OrderDate], [RequiredDate], [ShippedDate], [ShipVia]) VALUES (10326, N'CPDM10020', CAST(0x00008A1200000000 AS DateTime), CAST(0x00008A2E00000000 AS DateTime), CAST(0x00008A1600000000 AS DateTime), 2)
INSERT [dbo].[Orders] ([OrderID], [CustomerID], [OrderDate], [RequiredDate], [ShippedDate], [ShipVia]) VALUES (10327, N'CPDM10005', CAST(0x00008A1300000000 AS DateTime), CAST(0x00008A2F00000000 AS DateTime), CAST(0x00008A1600000000 AS DateTime), 2)
INSERT [dbo].[Orders] ([OrderID], [CustomerID], [OrderDate], [RequiredDate], [ShippedDate], [ShipVia]) VALUES (10333, N'CPDM10007', CAST(0x00008A1A00000000 AS DateTime), CAST(0x00008A3600000000 AS DateTime), CAST(0x00008A2100000000 AS DateTime), 4)
INSERT [dbo].[Orders] ([OrderID], [CustomerID], [OrderDate], [RequiredDate], [ShippedDate], [ShipVia]) VALUES (10335, N'CPDM10015', CAST(0x00008A1E00000000 AS DateTime), CAST(0x00008A3A00000000 AS DateTime), CAST(0x00008A2000000000 AS DateTime), 4)
INSERT [dbo].[Orders] ([OrderID], [CustomerID], [OrderDate], [RequiredDate], [ShippedDate], [ShipVia]) VALUES (10336, N'CPDM10021', CAST(0x00008A1F00000000 AS DateTime), CAST(0x00008A3B00000000 AS DateTime), CAST(0x00008A2100000000 AS DateTime), 3)
INSERT [dbo].[Orders] ([OrderID], [CustomerID], [OrderDate], [RequiredDate], [ShippedDate], [ShipVia]) VALUES (10339, N'CPDM10022', CAST(0x00008A2400000000 AS DateTime), CAST(0x00008A4000000000 AS DateTime), CAST(0x00008A2B00000000 AS DateTime), 4)
INSERT [dbo].[Orders] ([OrderID], [CustomerID], [OrderDate], [RequiredDate], [ShippedDate], [ShipVia]) VALUES (10342, N'CPDM10023', CAST(0x00008A2600000000 AS DateTime), CAST(0x00008A3400000000 AS DateTime), CAST(0x00008A2B00000000 AS DateTime), 6)
INSERT [dbo].[Orders] ([OrderID], [CustomerID], [OrderDate], [RequiredDate], [ShippedDate], [ShipVia]) VALUES (10344, N'CPDM10024', CAST(0x00008A2800000000 AS DateTime), CAST(0x00008A4400000000 AS DateTime), CAST(0x00008A2C00000000 AS DateTime), 1)
INSERT [dbo].[Orders] ([OrderID], [CustomerID], [OrderDate], [RequiredDate], [ShippedDate], [ShipVia]) VALUES (10345, N'CPDM10008', CAST(0x00008A2B00000000 AS DateTime), CAST(0x00008A4700000000 AS DateTime), CAST(0x00008A3200000000 AS DateTime), 3)
INSERT [dbo].[Orders] ([OrderID], [CustomerID], [OrderDate], [RequiredDate], [ShippedDate], [ShipVia]) VALUES (10348, N'CPDM10025', CAST(0x00008A2E00000000 AS DateTime), CAST(0x00008A4A00000000 AS DateTime), CAST(0x00008A3600000000 AS DateTime), 6)
INSERT [dbo].[Orders] ([OrderID], [CustomerID], [OrderDate], [RequiredDate], [ShippedDate], [ShipVia]) VALUES (10353, N'CPDM10026', CAST(0x00008A3400000000 AS DateTime), CAST(0x00008A5000000000 AS DateTime), CAST(0x00008A4000000000 AS DateTime), 5)
INSERT [dbo].[Orders] ([OrderID], [CustomerID], [OrderDate], [RequiredDate], [ShippedDate], [ShipVia]) VALUES (10354, N'CPDM10027', CAST(0x00008A3500000000 AS DateTime), CAST(0x00008A5100000000 AS DateTime), CAST(0x00008A3B00000000 AS DateTime), 3)
INSERT [dbo].[Orders] ([OrderID], [CustomerID], [OrderDate], [RequiredDate], [ShippedDate], [ShipVia]) VALUES (10357, N'CPDM10010', CAST(0x00008A3A00000000 AS DateTime), CAST(0x00008A5600000000 AS DateTime), CAST(0x00008A4700000000 AS DateTime), 2)
INSERT [dbo].[Orders] ([OrderID], [CustomerID], [OrderDate], [RequiredDate], [ShippedDate], [ShipVia]) VALUES (10359, N'CPDM10028', CAST(0x00008A3C00000000 AS DateTime), CAST(0x00008A5800000000 AS DateTime), CAST(0x00008A4100000000 AS DateTime), 5)
INSERT [dbo].[Orders] ([OrderID], [CustomerID], [OrderDate], [RequiredDate], [ShippedDate], [ShipVia]) VALUES (10365, N'CPDM10029', CAST(0x00008A4200000000 AS DateTime), CAST(0x00008A5E00000000 AS DateTime), CAST(0x00008A4700000000 AS DateTime), 6)
INSERT [dbo].[Orders] ([OrderID], [CustomerID], [OrderDate], [RequiredDate], [ShippedDate], [ShipVia]) VALUES (10370, N'CPDM10030', CAST(0x00008A4800000000 AS DateTime), CAST(0x00008A6400000000 AS DateTime), CAST(0x00008A6000000000 AS DateTime), 2)
INSERT [dbo].[Orders] ([OrderID], [CustomerID], [OrderDate], [RequiredDate], [ShippedDate], [ShipVia]) VALUES (10375, N'CPDM10033', CAST(0x00008A4B00000000 AS DateTime), CAST(0x00008A6700000000 AS DateTime), CAST(0x00008A4E00000000 AS DateTime), 3)
INSERT [dbo].[Orders] ([OrderID], [CustomerID], [OrderDate], [RequiredDate], [ShippedDate], [ShipVia]) VALUES (10382, N'CPDM10003', CAST(0x00008A5200000000 AS DateTime), CAST(0x00008A6E00000000 AS DateTime), CAST(0x00008A5500000000 AS DateTime), 3)
INSERT [dbo].[Orders] ([OrderID], [CustomerID], [OrderDate], [RequiredDate], [ShippedDate], [ShipVia]) VALUES (10383, N'CPDM10034', CAST(0x00008A5500000000 AS DateTime), CAST(0x00008A7100000000 AS DateTime), CAST(0x00008A5700000000 AS DateTime), 3)
INSERT [dbo].[Orders] ([OrderID], [CustomerID], [OrderDate], [RequiredDate], [ShippedDate], [ShipVia]) VALUES (10385, N'CPDM10035', CAST(0x00008A5600000000 AS DateTime), CAST(0x00008A7200000000 AS DateTime), CAST(0x00008A5C00000000 AS DateTime), 1)
INSERT [dbo].[Orders] ([OrderID], [CustomerID], [OrderDate], [RequiredDate], [ShippedDate], [ShipVia]) VALUES (10389, N'CPDM10031', CAST(0x00008A5900000000 AS DateTime), CAST(0x00008A7500000000 AS DateTime), CAST(0x00008A5D00000000 AS DateTime), 5)
INSERT [dbo].[Orders] ([OrderID], [CustomerID], [OrderDate], [RequiredDate], [ShippedDate], [ShipVia]) VALUES (10391, N'CPDM10036', CAST(0x00008A5C00000000 AS DateTime), CAST(0x00008A7800000000 AS DateTime), CAST(0x00008A6400000000 AS DateTime), 3)
INSERT [dbo].[Orders] ([OrderID], [CustomerID], [OrderDate], [RequiredDate], [ShippedDate], [ShipVia]) VALUES (10393, N'CPDM10019', CAST(0x00008A5E00000000 AS DateTime), CAST(0x00008A7A00000000 AS DateTime), CAST(0x00008A6700000000 AS DateTime), 3)
INSERT [dbo].[Orders] ([OrderID], [CustomerID], [OrderDate], [RequiredDate], [ShippedDate], [ShipVia]) VALUES (10394, N'CPDM10033', CAST(0x00008A5E00000000 AS DateTime), CAST(0x00008A7A00000000 AS DateTime), CAST(0x00008A6700000000 AS DateTime), 3)
INSERT [dbo].[Orders] ([OrderID], [CustomerID], [OrderDate], [RequiredDate], [ShippedDate], [ShipVia]) VALUES (10403, N'CPDM10003', CAST(0x00008A6700000000 AS DateTime), CAST(0x00008A8300000000 AS DateTime), CAST(0x00008A6D00000000 AS DateTime), 1)
INSERT [dbo].[Orders] ([OrderID], [CustomerID], [OrderDate], [RequiredDate], [ShippedDate], [ShipVia]) VALUES (10405, N'CPDM10041', CAST(0x00008A6A00000000 AS DateTime), CAST(0x00008A8600000000 AS DateTime), CAST(0x00008A7A00000000 AS DateTime), 1)
INSERT [dbo].[Orders] ([OrderID], [CustomerID], [OrderDate], [RequiredDate], [ShippedDate], [ShipVia]) VALUES (10406, N'CPDM10043', CAST(0x00008A6B00000000 AS DateTime), CAST(0x00008A9500000000 AS DateTime), CAST(0x00008A7100000000 AS DateTime), 3)
INSERT [dbo].[Orders] ([OrderID], [CustomerID], [OrderDate], [RequiredDate], [ShippedDate], [ShipVia]) VALUES (10407, N'CPDM10044', CAST(0x00008A6B00000000 AS DateTime), CAST(0x00008A8700000000 AS DateTime), CAST(0x00008A8200000000 AS DateTime), 3)
INSERT [dbo].[Orders] ([OrderID], [CustomerID], [OrderDate], [RequiredDate], [ShippedDate], [ShipVia]) VALUES (10409, N'CPDM10037', CAST(0x00008A6D00000000 AS DateTime), CAST(0x00008A8900000000 AS DateTime), CAST(0x00008A7200000000 AS DateTime), 3)
INSERT [dbo].[Orders] ([OrderID], [CustomerID], [OrderDate], [RequiredDate], [ShippedDate], [ShipVia]) VALUES (10412, N'CPDM10007', CAST(0x00008A7100000000 AS DateTime), CAST(0x00008A8D00000000 AS DateTime), CAST(0x00008A7300000000 AS DateTime), 1)
INSERT [dbo].[Orders] ([OrderID], [CustomerID], [OrderDate], [RequiredDate], [ShippedDate], [ShipVia]) VALUES (10413, N'CPDM10045', CAST(0x00008A7200000000 AS DateTime), CAST(0x00008A8E00000000 AS DateTime), CAST(0x00008A7400000000 AS DateTime), 6)
INSERT [dbo].[Orders] ([OrderID], [CustomerID], [OrderDate], [RequiredDate], [ShippedDate], [ShipVia]) VALUES (10418, N'CPDM10008', CAST(0x00008A7500000000 AS DateTime), CAST(0x00008A9100000000 AS DateTime), CAST(0x00008A7C00000000 AS DateTime), 5)
INSERT [dbo].[Orders] ([OrderID], [CustomerID], [OrderDate], [RequiredDate], [ShippedDate], [ShipVia]) VALUES (10420, N'CPDM10038', CAST(0x00008A7900000000 AS DateTime), CAST(0x00008A9500000000 AS DateTime), CAST(0x00008A7F00000000 AS DateTime), 3)
INSERT [dbo].[Orders] ([OrderID], [CustomerID], [OrderDate], [RequiredDate], [ShippedDate], [ShipVia]) VALUES (10427, N'CPDM10026', CAST(0x00008A7F00000000 AS DateTime), CAST(0x00008A9B00000000 AS DateTime), CAST(0x00008AA200000000 AS DateTime), 4)
INSERT [dbo].[Orders] ([OrderID], [CustomerID], [OrderDate], [RequiredDate], [ShippedDate], [ShipVia]) VALUES (10434, N'CPDM10005', CAST(0x00008A8600000000 AS DateTime), CAST(0x00008AA200000000 AS DateTime), CAST(0x00008A9000000000 AS DateTime), 5)
INSERT [dbo].[Orders] ([OrderID], [CustomerID], [OrderDate], [RequiredDate], [ShippedDate], [ShipVia]) VALUES (10435, N'CPDM10039', CAST(0x00008A8700000000 AS DateTime), CAST(0x00008AB100000000 AS DateTime), CAST(0x00008A8A00000000 AS DateTime), 3)
INSERT [dbo].[Orders] ([OrderID], [CustomerID], [OrderDate], [RequiredDate], [ShippedDate], [ShipVia]) VALUES (10439, N'CPDM10022', CAST(0x00008A8A00000000 AS DateTime), CAST(0x00008AA600000000 AS DateTime), CAST(0x00008A8D00000000 AS DateTime), 1)
INSERT [dbo].[Orders] ([OrderID], [CustomerID], [OrderDate], [RequiredDate], [ShippedDate], [ShipVia]) VALUES (10440, N'CPDM10019', CAST(0x00008A8D00000000 AS DateTime), CAST(0x00008AA900000000 AS DateTime), CAST(0x00008A9F00000000 AS DateTime), 5)
INSERT [dbo].[Orders] ([OrderID], [CustomerID], [OrderDate], [RequiredDate], [ShippedDate], [ShipVia]) VALUES (10442, N'CPDM10003', CAST(0x00008A8E00000000 AS DateTime), CAST(0x00008AAA00000000 AS DateTime), CAST(0x00008A9500000000 AS DateTime), 4)
INSERT [dbo].[Orders] ([OrderID], [CustomerID], [OrderDate], [RequiredDate], [ShippedDate], [ShipVia]) VALUES (10443, N'CPDM10040', CAST(0x00008A8F00000000 AS DateTime), CAST(0x00008AAB00000000 AS DateTime), CAST(0x00008A9100000000 AS DateTime), 3)
INSERT [dbo].[Orders] ([OrderID], [CustomerID], [OrderDate], [RequiredDate], [ShippedDate], [ShipVia]) VALUES (10449, N'CPDM10006', CAST(0x00008A9500000000 AS DateTime), CAST(0x00008AB100000000 AS DateTime), CAST(0x00008A9E00000000 AS DateTime), 1)
INSERT [dbo].[Orders] ([OrderID], [CustomerID], [OrderDate], [RequiredDate], [ShippedDate], [ShipVia]) VALUES (10450, N'CPDM10046', CAST(0x00008A9600000000 AS DateTime), CAST(0x00008AB200000000 AS DateTime), CAST(0x00008AAA00000000 AS DateTime), 2)
INSERT [dbo].[Orders] ([OrderID], [CustomerID], [OrderDate], [RequiredDate], [ShippedDate], [ShipVia]) VALUES (10454, N'CPDM10045', CAST(0x00008A9800000000 AS DateTime), CAST(0x00008AB400000000 AS DateTime), CAST(0x00008A9C00000000 AS DateTime), 5)
INSERT [dbo].[Orders] ([OrderID], [CustomerID], [OrderDate], [RequiredDate], [ShippedDate], [ShipVia]) VALUES (10459, N'CPDM10046', CAST(0x00008A9E00000000 AS DateTime), CAST(0x00008ABA00000000 AS DateTime), CAST(0x00008A9F00000000 AS DateTime), 3)
INSERT [dbo].[Orders] ([OrderID], [CustomerID], [OrderDate], [RequiredDate], [ShippedDate], [ShipVia]) VALUES (10462, N'CPDM10039', CAST(0x00008AA200000000 AS DateTime), CAST(0x00008ABE00000000 AS DateTime), CAST(0x00008AB100000000 AS DateTime), 3)
INSERT [dbo].[Orders] ([OrderID], [CustomerID], [OrderDate], [RequiredDate], [ShippedDate], [ShipVia]) VALUES (10464, N'CPDM10042', CAST(0x00008AA300000000 AS DateTime), CAST(0x00008ABF00000000 AS DateTime), CAST(0x00008AAD00000000 AS DateTime), 1)
INSERT [dbo].[Orders] ([OrderID], [CustomerID], [OrderDate], [RequiredDate], [ShippedDate], [ShipVia]) VALUES (10466, N'CPDM10013', CAST(0x00008AA500000000 AS DateTime), CAST(0x00008AC100000000 AS DateTime), CAST(0x00008AAC00000000 AS DateTime), 4)
INSERT [dbo].[Orders] ([OrderID], [CustomerID], [OrderDate], [RequiredDate], [ShippedDate], [ShipVia]) VALUES (10469, N'CPDM10024', CAST(0x00008AA900000000 AS DateTime), CAST(0x00008AC500000000 AS DateTime), CAST(0x00008AAD00000000 AS DateTime), 3)
INSERT [dbo].[Orders] ([OrderID], [CustomerID], [OrderDate], [RequiredDate], [ShippedDate], [ShipVia]) VALUES (10471, N'CPDM10012', CAST(0x00008AAA00000000 AS DateTime), CAST(0x00008AC600000000 AS DateTime), CAST(0x00008AB100000000 AS DateTime), 4)
INSERT [dbo].[Orders] ([OrderID], [CustomerID], [OrderDate], [RequiredDate], [ShippedDate], [ShipVia]) VALUES (10474, N'CPDM10027', CAST(0x00008AAC00000000 AS DateTime), CAST(0x00008AC800000000 AS DateTime), CAST(0x00008AB400000000 AS DateTime), 4)
INSERT [dbo].[Orders] ([OrderID], [CustomerID], [OrderDate], [RequiredDate], [ShippedDate], [ShipVia]) VALUES (10477, N'CPDM10021', CAST(0x00008AB000000000 AS DateTime), CAST(0x00008ACC00000000 AS DateTime), CAST(0x00008AB800000000 AS DateTime), 6)
INSERT [dbo].[Orders] ([OrderID], [CustomerID], [OrderDate], [RequiredDate], [ShippedDate], [ShipVia]) VALUES (10478, N'CPDM10046', CAST(0x00008AB100000000 AS DateTime), CAST(0x00008ABF00000000 AS DateTime), CAST(0x00008AB900000000 AS DateTime), 6)
INSERT [dbo].[Orders] ([OrderID], [CustomerID], [OrderDate], [RequiredDate], [ShippedDate], [ShipVia]) VALUES (10485, N'CPDM10041', CAST(0x00008AB800000000 AS DateTime), CAST(0x00008AC600000000 AS DateTime), CAST(0x00008ABE00000000 AS DateTime), 4)
INSERT [dbo].[Orders] ([OrderID], [CustomerID], [OrderDate], [RequiredDate], [ShippedDate], [ShipVia]) VALUES (10486, N'CPDM10050', CAST(0x00008AB900000000 AS DateTime), CAST(0x00008AD500000000 AS DateTime), CAST(0x00008AC000000000 AS DateTime), 3)
INSERT [dbo].[Orders] ([OrderID], [CustomerID], [OrderDate], [RequiredDate], [ShippedDate], [ShipVia]) VALUES (10489, N'CPDM10026', CAST(0x00008ABB00000000 AS DateTime), CAST(0x00008AD700000000 AS DateTime), CAST(0x00008AC700000000 AS DateTime), 4)
INSERT [dbo].[Orders] ([OrderID], [CustomerID], [OrderDate], [RequiredDate], [ShippedDate], [ShipVia]) VALUES (10500, N'CPDM10045', CAST(0x00008AC700000000 AS DateTime), CAST(0x00008AE300000000 AS DateTime), CAST(0x00008ACF00000000 AS DateTime), 5)
INSERT [dbo].[Orders] ([OrderID], [CustomerID], [OrderDate], [RequiredDate], [ShippedDate], [ShipVia]) VALUES (10503, N'CPDM10015', CAST(0x00008AC900000000 AS DateTime), CAST(0x00008AE500000000 AS DateTime), CAST(0x00008ACE00000000 AS DateTime), 4)
INSERT [dbo].[Orders] ([OrderID], [CustomerID], [OrderDate], [RequiredDate], [ShippedDate], [ShipVia]) VALUES (10504, N'CPDM10024', CAST(0x00008AC900000000 AS DateTime), CAST(0x00008AE500000000 AS DateTime), CAST(0x00008AD000000000 AS DateTime), 4)
INSERT [dbo].[Orders] ([OrderID], [CustomerID], [OrderDate], [RequiredDate], [ShippedDate], [ShipVia]) VALUES (10508, N'CPDM10044', CAST(0x00008ACE00000000 AS DateTime), CAST(0x00008AEA00000000 AS DateTime), CAST(0x00008AE900000000 AS DateTime), 1)
INSERT [dbo].[Orders] ([OrderID], [CustomerID], [OrderDate], [RequiredDate], [ShippedDate], [ShipVia]) VALUES (10511, N'CPDM10047', CAST(0x00008AD000000000 AS DateTime), CAST(0x00008AEC00000000 AS DateTime), CAST(0x00008AD300000000 AS DateTime), 1)
INSERT [dbo].[Orders] ([OrderID], [CustomerID], [OrderDate], [RequiredDate], [ShippedDate], [ShipVia]) VALUES (10515, N'CPDM10008', CAST(0x00008AD500000000 AS DateTime), CAST(0x00008AE300000000 AS DateTime), CAST(0x00008AF300000000 AS DateTime), 1)
INSERT [dbo].[Orders] ([OrderID], [CustomerID], [OrderDate], [RequiredDate], [ShippedDate], [ShipVia]) VALUES (10519, N'CPDM10030', CAST(0x00008ADA00000000 AS DateTime), CAST(0x00008AF600000000 AS DateTime), CAST(0x00008ADD00000000 AS DateTime), 6)
INSERT [dbo].[Orders] ([OrderID], [CustomerID], [OrderDate], [RequiredDate], [ShippedDate], [ShipVia]) VALUES (10522, N'CPDM10048', CAST(0x00008ADC00000000 AS DateTime), CAST(0x00008AF800000000 AS DateTime), CAST(0x00008AE200000000 AS DateTime), 1)
INSERT [dbo].[Orders] ([OrderID], [CustomerID], [OrderDate], [RequiredDate], [ShippedDate], [ShipVia]) VALUES (10524, N'CPDM10051', CAST(0x00008ADD00000000 AS DateTime), CAST(0x00008AF900000000 AS DateTime), CAST(0x00008AE300000000 AS DateTime), 6)
INSERT [dbo].[Orders] ([OrderID], [CustomerID], [OrderDate], [RequiredDate], [ShippedDate], [ShipVia]) VALUES (10526, N'CPDM10007', CAST(0x00008AE100000000 AS DateTime), CAST(0x00008AFD00000000 AS DateTime), CAST(0x00008AEB00000000 AS DateTime), 3)
INSERT [dbo].[Orders] ([OrderID], [CustomerID], [OrderDate], [RequiredDate], [ShippedDate], [ShipVia]) VALUES (10527, N'CPDM10008', CAST(0x00008AE100000000 AS DateTime), CAST(0x00008AFD00000000 AS DateTime), CAST(0x00008AE300000000 AS DateTime), 5)
INSERT [dbo].[Orders] ([OrderID], [CustomerID], [OrderDate], [RequiredDate], [ShippedDate], [ShipVia]) VALUES (10528, N'CPDM10052', CAST(0x00008AE200000000 AS DateTime), CAST(0x00008AF000000000 AS DateTime), CAST(0x00008AE500000000 AS DateTime), 1)
INSERT [dbo].[Orders] ([OrderID], [CustomerID], [OrderDate], [RequiredDate], [ShippedDate], [ShipVia]) VALUES (10533, N'CPDM10005', CAST(0x00008AE800000000 AS DateTime), CAST(0x00008B0400000000 AS DateTime), CAST(0x00008AF200000000 AS DateTime), 2)
INSERT [dbo].[Orders] ([OrderID], [CustomerID], [OrderDate], [RequiredDate], [ShippedDate], [ShipVia]) VALUES (10535, N'CPDM10029', CAST(0x00008AE900000000 AS DateTime), CAST(0x00008B0500000000 AS DateTime), CAST(0x00008AF100000000 AS DateTime), 2)
INSERT [dbo].[Orders] ([OrderID], [CustomerID], [OrderDate], [RequiredDate], [ShippedDate], [ShipVia]) VALUES (10536, N'CPDM10048', CAST(0x00008AEA00000000 AS DateTime), CAST(0x00008B0600000000 AS DateTime), CAST(0x00008B0100000000 AS DateTime), 1)
INSERT [dbo].[Orders] ([OrderID], [CustomerID], [OrderDate], [RequiredDate], [ShippedDate], [ShipVia]) VALUES (10539, N'CPDM10012', CAST(0x00008AEC00000000 AS DateTime), CAST(0x00008B0800000000 AS DateTime), CAST(0x00008AF300000000 AS DateTime), 6)
INSERT [dbo].[Orders] ([OrderID], [CustomerID], [OrderDate], [RequiredDate], [ShippedDate], [ShipVia]) VALUES (10540, N'CPDM10008', CAST(0x00008AEF00000000 AS DateTime), CAST(0x00008B0B00000000 AS DateTime), CAST(0x00008B0800000000 AS DateTime), 4)
INSERT [dbo].[Orders] ([OrderID], [CustomerID], [OrderDate], [RequiredDate], [ShippedDate], [ShipVia]) VALUES (10542, N'CPDM10018', CAST(0x00008AF000000000 AS DateTime), CAST(0x00008B0C00000000 AS DateTime), CAST(0x00008AF600000000 AS DateTime), 1)
INSERT [dbo].[Orders] ([OrderID], [CustomerID], [OrderDate], [RequiredDate], [ShippedDate], [ShipVia]) VALUES (10543, N'CPDM10010', CAST(0x00008AF100000000 AS DateTime), CAST(0x00008B0D00000000 AS DateTime), CAST(0x00008AF300000000 AS DateTime), 3)
GO
INSERT [dbo].[Orders] ([OrderID], [CustomerID], [OrderDate], [RequiredDate], [ShippedDate], [ShipVia]) VALUES (10545, N'CPDM10058', CAST(0x00008AF200000000 AS DateTime), CAST(0x00008B0E00000000 AS DateTime), CAST(0x00008B1500000000 AS DateTime), 5)
INSERT [dbo].[Orders] ([OrderID], [CustomerID], [OrderDate], [RequiredDate], [ShippedDate], [ShipVia]) VALUES (10546, N'CPDM10046', CAST(0x00008AF300000000 AS DateTime), CAST(0x00008B0F00000000 AS DateTime), CAST(0x00008AF700000000 AS DateTime), 1)
INSERT [dbo].[Orders] ([OrderID], [CustomerID], [OrderDate], [RequiredDate], [ShippedDate], [ShipVia]) VALUES (10551, N'CPDM10042', CAST(0x00008AF800000000 AS DateTime), CAST(0x00008B2200000000 AS DateTime), CAST(0x00008B0100000000 AS DateTime), 1)
INSERT [dbo].[Orders] ([OrderID], [CustomerID], [OrderDate], [RequiredDate], [ShippedDate], [ShipVia]) VALUES (10553, N'CPDM10007', CAST(0x00008AFA00000000 AS DateTime), CAST(0x00008B1600000000 AS DateTime), CAST(0x00008AFE00000000 AS DateTime), 2)
INSERT [dbo].[Orders] ([OrderID], [CustomerID], [OrderDate], [RequiredDate], [ShippedDate], [ShipVia]) VALUES (10554, N'CPDM10044', CAST(0x00008AFA00000000 AS DateTime), CAST(0x00008B1600000000 AS DateTime), CAST(0x00008B0000000000 AS DateTime), 4)
INSERT [dbo].[Orders] ([OrderID], [CustomerID], [OrderDate], [RequiredDate], [ShippedDate], [ShipVia]) VALUES (10555, N'CPDM10019', CAST(0x00008AFD00000000 AS DateTime), CAST(0x00008B1900000000 AS DateTime), CAST(0x00008AFF00000000 AS DateTime), 3)
INSERT [dbo].[Orders] ([OrderID], [CustomerID], [OrderDate], [RequiredDate], [ShippedDate], [ShipVia]) VALUES (10566, N'CPDM10006', CAST(0x00008B0700000000 AS DateTime), CAST(0x00008B2300000000 AS DateTime), CAST(0x00008B0D00000000 AS DateTime), 5)
INSERT [dbo].[Orders] ([OrderID], [CustomerID], [OrderDate], [RequiredDate], [ShippedDate], [ShipVia]) VALUES (10568, N'CPDM10057', CAST(0x00008B0800000000 AS DateTime), CAST(0x00008B2400000000 AS DateTime), CAST(0x00008B2200000000 AS DateTime), 1)
INSERT [dbo].[Orders] ([OrderID], [CustomerID], [OrderDate], [RequiredDate], [ShippedDate], [ShipVia]) VALUES (10570, N'CPDM10022', CAST(0x00008B0C00000000 AS DateTime), CAST(0x00008B2800000000 AS DateTime), CAST(0x00008B0E00000000 AS DateTime), 3)
INSERT [dbo].[Orders] ([OrderID], [CustomerID], [OrderDate], [RequiredDate], [ShippedDate], [ShipVia]) VALUES (10571, N'CPDM10003', CAST(0x00008B0C00000000 AS DateTime), CAST(0x00008B3600000000 AS DateTime), CAST(0x00008B1D00000000 AS DateTime), 2)
INSERT [dbo].[Orders] ([OrderID], [CustomerID], [OrderDate], [RequiredDate], [ShippedDate], [ShipVia]) VALUES (10572, N'CPDM10051', CAST(0x00008B0D00000000 AS DateTime), CAST(0x00008B2900000000 AS DateTime), CAST(0x00008B1400000000 AS DateTime), 3)
INSERT [dbo].[Orders] ([OrderID], [CustomerID], [OrderDate], [RequiredDate], [ShippedDate], [ShipVia]) VALUES (10576, N'CPDM10009', CAST(0x00008B1200000000 AS DateTime), CAST(0x00008B2000000000 AS DateTime), CAST(0x00008B1900000000 AS DateTime), 5)
INSERT [dbo].[Orders] ([OrderID], [CustomerID], [OrderDate], [RequiredDate], [ShippedDate], [ShipVia]) VALUES (10579, N'CPDM10055', CAST(0x00008B1400000000 AS DateTime), CAST(0x00008B3000000000 AS DateTime), CAST(0x00008B1D00000000 AS DateTime), 5)
INSERT [dbo].[Orders] ([OrderID], [CustomerID], [OrderDate], [RequiredDate], [ShippedDate], [ShipVia]) VALUES (10580, N'CPDM10044', CAST(0x00008B1500000000 AS DateTime), CAST(0x00008B3100000000 AS DateTime), CAST(0x00008B1A00000000 AS DateTime), 6)
INSERT [dbo].[Orders] ([OrderID], [CustomerID], [OrderDate], [RequiredDate], [ShippedDate], [ShipVia]) VALUES (10590, N'CPDM10022', CAST(0x00008B2000000000 AS DateTime), CAST(0x00008B3C00000000 AS DateTime), CAST(0x00008B2700000000 AS DateTime), 3)
INSERT [dbo].[Orders] ([OrderID], [CustomerID], [OrderDate], [RequiredDate], [ShippedDate], [ShipVia]) VALUES (10591, N'CPDM10054', CAST(0x00008B2000000000 AS DateTime), CAST(0x00008B2E00000000 AS DateTime), CAST(0x00008B2900000000 AS DateTime), 2)
INSERT [dbo].[Orders] ([OrderID], [CustomerID], [OrderDate], [RequiredDate], [ShippedDate], [ShipVia]) VALUES (10592, N'CPDM10048', CAST(0x00008B2100000000 AS DateTime), CAST(0x00008B3D00000000 AS DateTime), CAST(0x00008B2900000000 AS DateTime), 1)
INSERT [dbo].[Orders] ([OrderID], [CustomerID], [OrderDate], [RequiredDate], [ShippedDate], [ShipVia]) VALUES (10601, N'CPDM10050', CAST(0x00008B2900000000 AS DateTime), CAST(0x00008B5300000000 AS DateTime), CAST(0x00008B2F00000000 AS DateTime), 4)
INSERT [dbo].[Orders] ([OrderID], [CustomerID], [OrderDate], [RequiredDate], [ShippedDate], [ShipVia]) VALUES (10605, N'CPDM10022', CAST(0x00008B2E00000000 AS DateTime), CAST(0x00008B4A00000000 AS DateTime), CAST(0x00008B3600000000 AS DateTime), 1)
INSERT [dbo].[Orders] ([OrderID], [CustomerID], [OrderDate], [RequiredDate], [ShippedDate], [ShipVia]) VALUES (10606, N'CPDM10059', CAST(0x00008B2F00000000 AS DateTime), CAST(0x00008B4B00000000 AS DateTime), CAST(0x00008B3800000000 AS DateTime), 3)
INSERT [dbo].[Orders] ([OrderID], [CustomerID], [OrderDate], [RequiredDate], [ShippedDate], [ShipVia]) VALUES (10607, N'CPDM10019', CAST(0x00008B2F00000000 AS DateTime), CAST(0x00008B4B00000000 AS DateTime), CAST(0x00008B3200000000 AS DateTime), 5)
INSERT [dbo].[Orders] ([OrderID], [CustomerID], [OrderDate], [RequiredDate], [ShippedDate], [ShipVia]) VALUES (10609, N'CPDM10060', CAST(0x00008B3100000000 AS DateTime), CAST(0x00008B4D00000000 AS DateTime), CAST(0x00008B3700000000 AS DateTime), 3)
INSERT [dbo].[Orders] ([OrderID], [CustomerID], [OrderDate], [RequiredDate], [ShippedDate], [ShipVia]) VALUES (10611, N'CPDM10061', CAST(0x00008B3200000000 AS DateTime), CAST(0x00008B4E00000000 AS DateTime), CAST(0x00008B3900000000 AS DateTime), 3)
INSERT [dbo].[Orders] ([OrderID], [CustomerID], [OrderDate], [RequiredDate], [ShippedDate], [ShipVia]) VALUES (10612, N'CPDM10019', CAST(0x00008B3500000000 AS DateTime), CAST(0x00008B5100000000 AS DateTime), CAST(0x00008B3900000000 AS DateTime), 6)
INSERT [dbo].[Orders] ([OrderID], [CustomerID], [OrderDate], [RequiredDate], [ShippedDate], [ShipVia]) VALUES (10613, N'CPDM10050', CAST(0x00008B3600000000 AS DateTime), CAST(0x00008B5200000000 AS DateTime), CAST(0x00008B3900000000 AS DateTime), 5)
INSERT [dbo].[Orders] ([OrderID], [CustomerID], [OrderDate], [RequiredDate], [ShippedDate], [ShipVia]) VALUES (10614, N'CPDM10062', CAST(0x00008B3600000000 AS DateTime), CAST(0x00008B5200000000 AS DateTime), CAST(0x00008B3900000000 AS DateTime), 3)
INSERT [dbo].[Orders] ([OrderID], [CustomerID], [OrderDate], [RequiredDate], [ShippedDate], [ShipVia]) VALUES (10618, N'CPDM10022', CAST(0x00008B3900000000 AS DateTime), CAST(0x00008B6300000000 AS DateTime), CAST(0x00008B4000000000 AS DateTime), 1)
INSERT [dbo].[Orders] ([OrderID], [CustomerID], [OrderDate], [RequiredDate], [ShippedDate], [ShipVia]) VALUES (10622, N'CPDM10011', CAST(0x00008B3E00000000 AS DateTime), CAST(0x00008B5A00000000 AS DateTime), CAST(0x00008B4300000000 AS DateTime), 1)
INSERT [dbo].[Orders] ([OrderID], [CustomerID], [OrderDate], [RequiredDate], [ShippedDate], [ShipVia]) VALUES (10623, N'CPDM10023', CAST(0x00008B3F00000000 AS DateTime), CAST(0x00008B5B00000000 AS DateTime), CAST(0x00008B4400000000 AS DateTime), 6)
INSERT [dbo].[Orders] ([OrderID], [CustomerID], [OrderDate], [RequiredDate], [ShippedDate], [ShipVia]) VALUES (10625, N'CPDM10063', CAST(0x00008B4000000000 AS DateTime), CAST(0x00008B5C00000000 AS DateTime), CAST(0x00008B4600000000 AS DateTime), 3)
INSERT [dbo].[Orders] ([OrderID], [CustomerID], [OrderDate], [RequiredDate], [ShippedDate], [ShipVia]) VALUES (10628, N'CPDM10006', CAST(0x00008B4400000000 AS DateTime), CAST(0x00008B6000000000 AS DateTime), CAST(0x00008B4C00000000 AS DateTime), 2)
INSERT [dbo].[Orders] ([OrderID], [CustomerID], [OrderDate], [RequiredDate], [ShippedDate], [ShipVia]) VALUES (10632, N'CPDM10025', CAST(0x00008B4600000000 AS DateTime), CAST(0x00008B6200000000 AS DateTime), CAST(0x00008B4B00000000 AS DateTime), 2)
INSERT [dbo].[Orders] ([OrderID], [CustomerID], [OrderDate], [RequiredDate], [ShippedDate], [ShipVia]) VALUES (10633, N'CPDM10003', CAST(0x00008B4700000000 AS DateTime), CAST(0x00008B6300000000 AS DateTime), CAST(0x00008B4A00000000 AS DateTime), 1)
INSERT [dbo].[Orders] ([OrderID], [CustomerID], [OrderDate], [RequiredDate], [ShippedDate], [ShipVia]) VALUES (10634, N'CPDM10064', CAST(0x00008B4700000000 AS DateTime), CAST(0x00008B6300000000 AS DateTime), CAST(0x00008B4D00000000 AS DateTime), 1)
INSERT [dbo].[Orders] ([OrderID], [CustomerID], [OrderDate], [RequiredDate], [ShippedDate], [ShipVia]) VALUES (10635, N'CPDM10065', CAST(0x00008B4A00000000 AS DateTime), CAST(0x00008B6600000000 AS DateTime), CAST(0x00008B4D00000000 AS DateTime), 1)
INSERT [dbo].[Orders] ([OrderID], [CustomerID], [OrderDate], [RequiredDate], [ShippedDate], [ShipVia]) VALUES (10636, N'CPDM10007', CAST(0x00008B4B00000000 AS DateTime), CAST(0x00008B6700000000 AS DateTime), CAST(0x00008B5200000000 AS DateTime), 1)
INSERT [dbo].[Orders] ([OrderID], [CustomerID], [OrderDate], [RequiredDate], [ShippedDate], [ShipVia]) VALUES (10637, N'CPDM10043', CAST(0x00008B4B00000000 AS DateTime), CAST(0x00008B6700000000 AS DateTime), CAST(0x00008B5200000000 AS DateTime), 5)
INSERT [dbo].[Orders] ([OrderID], [CustomerID], [OrderDate], [RequiredDate], [ShippedDate], [ShipVia]) VALUES (10641, N'CPDM10050', CAST(0x00008B4E00000000 AS DateTime), CAST(0x00008B6A00000000 AS DateTime), CAST(0x00008B5200000000 AS DateTime), 5)
INSERT [dbo].[Orders] ([OrderID], [CustomerID], [OrderDate], [RequiredDate], [ShippedDate], [ShipVia]) VALUES (10646, N'CPDM10015', CAST(0x00008B5300000000 AS DateTime), CAST(0x00008B7D00000000 AS DateTime), CAST(0x00008B5A00000000 AS DateTime), 6)
INSERT [dbo].[Orders] ([OrderID], [CustomerID], [OrderDate], [RequiredDate], [ShippedDate], [ShipVia]) VALUES (10653, N'CPDM10023', CAST(0x00008B5900000000 AS DateTime), CAST(0x00008B7500000000 AS DateTime), CAST(0x00008B6A00000000 AS DateTime), 3)
INSERT [dbo].[Orders] ([OrderID], [CustomerID], [OrderDate], [RequiredDate], [ShippedDate], [ShipVia]) VALUES (10654, N'CPDM10051', CAST(0x00008B5900000000 AS DateTime), CAST(0x00008B7500000000 AS DateTime), CAST(0x00008B6200000000 AS DateTime), 2)
INSERT [dbo].[Orders] ([OrderID], [CustomerID], [OrderDate], [RequiredDate], [ShippedDate], [ShipVia]) VALUES (10656, N'CPDM10052', CAST(0x00008B5B00000000 AS DateTime), CAST(0x00008B7700000000 AS DateTime), CAST(0x00008B6100000000 AS DateTime), 5)
INSERT [dbo].[Orders] ([OrderID], [CustomerID], [OrderDate], [RequiredDate], [ShippedDate], [ShipVia]) VALUES (10657, N'CPDM10019', CAST(0x00008B5B00000000 AS DateTime), CAST(0x00008B7700000000 AS DateTime), CAST(0x00008B6600000000 AS DateTime), 1)
INSERT [dbo].[Orders] ([OrderID], [CustomerID], [OrderDate], [RequiredDate], [ShippedDate], [ShipVia]) VALUES (10664, N'CPDM10042', CAST(0x00008B6100000000 AS DateTime), CAST(0x00008B7D00000000 AS DateTime), CAST(0x00008B6A00000000 AS DateTime), 1)
INSERT [dbo].[Orders] ([OrderID], [CustomerID], [OrderDate], [RequiredDate], [ShippedDate], [ShipVia]) VALUES (10671, N'CPDM10066', CAST(0x00008B6800000000 AS DateTime), CAST(0x00008B8400000000 AS DateTime), CAST(0x00008B6F00000000 AS DateTime), 2)
INSERT [dbo].[Orders] ([OrderID], [CustomerID], [OrderDate], [RequiredDate], [ShippedDate], [ShipVia]) VALUES (10673, N'CPDM10066', CAST(0x00008B6900000000 AS DateTime), CAST(0x00008B8500000000 AS DateTime), CAST(0x00008B6A00000000 AS DateTime), 5)
INSERT [dbo].[Orders] ([OrderID], [CustomerID], [OrderDate], [RequiredDate], [ShippedDate], [ShipVia]) VALUES (10675, N'CPDM10023', CAST(0x00008B6A00000000 AS DateTime), CAST(0x00008B8600000000 AS DateTime), CAST(0x00008B6E00000000 AS DateTime), 1)
INSERT [dbo].[Orders] ([OrderID], [CustomerID], [OrderDate], [RequiredDate], [ShippedDate], [ShipVia]) VALUES (10676, N'CPDM10009', CAST(0x00008B6D00000000 AS DateTime), CAST(0x00008B8900000000 AS DateTime), CAST(0x00008B7400000000 AS DateTime), 4)
INSERT [dbo].[Orders] ([OrderID], [CustomerID], [OrderDate], [RequiredDate], [ShippedDate], [ShipVia]) VALUES (10678, N'CPDM10019', CAST(0x00008B6E00000000 AS DateTime), CAST(0x00008B8A00000000 AS DateTime), CAST(0x00008B8500000000 AS DateTime), 5)
INSERT [dbo].[Orders] ([OrderID], [CustomerID], [OrderDate], [RequiredDate], [ShippedDate], [ShipVia]) VALUES (10680, N'CPDM10056', CAST(0x00008B6F00000000 AS DateTime), CAST(0x00008B8B00000000 AS DateTime), CAST(0x00008B7100000000 AS DateTime), 6)
INSERT [dbo].[Orders] ([OrderID], [CustomerID], [OrderDate], [RequiredDate], [ShippedDate], [ShipVia]) VALUES (10685, N'CPDM10056', CAST(0x00008B7400000000 AS DateTime), CAST(0x00008B8200000000 AS DateTime), CAST(0x00008B7800000000 AS DateTime), 5)
INSERT [dbo].[Orders] ([OrderID], [CustomerID], [OrderDate], [RequiredDate], [ShippedDate], [ShipVia]) VALUES (10687, N'CPDM10015', CAST(0x00008B7500000000 AS DateTime), CAST(0x00008B9100000000 AS DateTime), CAST(0x00008B9300000000 AS DateTime), 2)
INSERT [dbo].[Orders] ([OrderID], [CustomerID], [OrderDate], [RequiredDate], [ShippedDate], [ShipVia]) VALUES (10688, N'CPDM10054', CAST(0x00008B7600000000 AS DateTime), CAST(0x00008B8400000000 AS DateTime), CAST(0x00008B7C00000000 AS DateTime), 6)
INSERT [dbo].[Orders] ([OrderID], [CustomerID], [OrderDate], [RequiredDate], [ShippedDate], [ShipVia]) VALUES (10689, N'CPDM10051', CAST(0x00008B7600000000 AS DateTime), CAST(0x00008B9200000000 AS DateTime), CAST(0x00008B7C00000000 AS DateTime), 3)
INSERT [dbo].[Orders] ([OrderID], [CustomerID], [OrderDate], [RequiredDate], [ShippedDate], [ShipVia]) VALUES (10691, N'CPDM10008', CAST(0x00008B7800000000 AS DateTime), CAST(0x00008BA200000000 AS DateTime), CAST(0x00008B8B00000000 AS DateTime), 1)
INSERT [dbo].[Orders] ([OrderID], [CustomerID], [OrderDate], [RequiredDate], [ShippedDate], [ShipVia]) VALUES (10693, N'CPDM10024', CAST(0x00008B7B00000000 AS DateTime), CAST(0x00008B8900000000 AS DateTime), CAST(0x00008B7F00000000 AS DateTime), 1)
INSERT [dbo].[Orders] ([OrderID], [CustomerID], [OrderDate], [RequiredDate], [ShippedDate], [ShipVia]) VALUES (10694, N'CPDM10008', CAST(0x00008B7B00000000 AS DateTime), CAST(0x00008B9700000000 AS DateTime), CAST(0x00008B7E00000000 AS DateTime), 3)
INSERT [dbo].[Orders] ([OrderID], [CustomerID], [OrderDate], [RequiredDate], [ShippedDate], [ShipVia]) VALUES (10695, N'CPDM10066', CAST(0x00008B7C00000000 AS DateTime), CAST(0x00008BA600000000 AS DateTime), CAST(0x00008B8300000000 AS DateTime), 2)
INSERT [dbo].[Orders] ([OrderID], [CustomerID], [OrderDate], [RequiredDate], [ShippedDate], [ShipVia]) VALUES (10698, N'CPDM10003', CAST(0x00008B7E00000000 AS DateTime), CAST(0x00008B9A00000000 AS DateTime), CAST(0x00008B8600000000 AS DateTime), 2)
INSERT [dbo].[Orders] ([OrderID], [CustomerID], [OrderDate], [RequiredDate], [ShippedDate], [ShipVia]) VALUES (10700, N'CPDM10019', CAST(0x00008B7F00000000 AS DateTime), CAST(0x00008B9B00000000 AS DateTime), CAST(0x00008B8500000000 AS DateTime), 5)
INSERT [dbo].[Orders] ([OrderID], [CustomerID], [OrderDate], [RequiredDate], [ShippedDate], [ShipVia]) VALUES (10702, N'CPDM10056', CAST(0x00008B8200000000 AS DateTime), CAST(0x00008BAC00000000 AS DateTime), CAST(0x00008B8A00000000 AS DateTime), 2)
INSERT [dbo].[Orders] ([OrderID], [CustomerID], [OrderDate], [RequiredDate], [ShippedDate], [ShipVia]) VALUES (10703, N'CPDM10005', CAST(0x00008B8300000000 AS DateTime), CAST(0x00008B9F00000000 AS DateTime), CAST(0x00008B8900000000 AS DateTime), 1)
INSERT [dbo].[Orders] ([OrderID], [CustomerID], [OrderDate], [RequiredDate], [ShippedDate], [ShipVia]) VALUES (10704, N'CPDM10043', CAST(0x00008B8300000000 AS DateTime), CAST(0x00008B9F00000000 AS DateTime), CAST(0x00008B9B00000000 AS DateTime), 2)
INSERT [dbo].[Orders] ([OrderID], [CustomerID], [OrderDate], [RequiredDate], [ShippedDate], [ShipVia]) VALUES (10706, N'CPDM10056', CAST(0x00008B8500000000 AS DateTime), CAST(0x00008BA100000000 AS DateTime), CAST(0x00008B8A00000000 AS DateTime), 4)
INSERT [dbo].[Orders] ([OrderID], [CustomerID], [OrderDate], [RequiredDate], [ShippedDate], [ShipVia]) VALUES (10708, N'CPDM10016', CAST(0x00008B8600000000 AS DateTime), CAST(0x00008BB000000000 AS DateTime), CAST(0x00008B9900000000 AS DateTime), 4)
INSERT [dbo].[Orders] ([OrderID], [CustomerID], [OrderDate], [RequiredDate], [ShippedDate], [ShipVia]) VALUES (10709, N'CPDM10056', CAST(0x00008B8600000000 AS DateTime), CAST(0x00008BA200000000 AS DateTime), CAST(0x00008BA800000000 AS DateTime), 4)
INSERT [dbo].[Orders] ([OrderID], [CustomerID], [OrderDate], [RequiredDate], [ShippedDate], [ShipVia]) VALUES (10713, N'CPDM10019', CAST(0x00008B8B00000000 AS DateTime), CAST(0x00008BA700000000 AS DateTime), CAST(0x00008B8D00000000 AS DateTime), 2)
INSERT [dbo].[Orders] ([OrderID], [CustomerID], [OrderDate], [RequiredDate], [ShippedDate], [ShipVia]) VALUES (10714, N'CPDM10019', CAST(0x00008B8B00000000 AS DateTime), CAST(0x00008BA700000000 AS DateTime), CAST(0x00008B9000000000 AS DateTime), 3)
INSERT [dbo].[Orders] ([OrderID], [CustomerID], [OrderDate], [RequiredDate], [ShippedDate], [ShipVia]) VALUES (10715, N'CPDM10047', CAST(0x00008B8C00000000 AS DateTime), CAST(0x00008B9A00000000 AS DateTime), CAST(0x00008B9200000000 AS DateTime), 1)
INSERT [dbo].[Orders] ([OrderID], [CustomerID], [OrderDate], [RequiredDate], [ShippedDate], [ShipVia]) VALUES (10718, N'CPDM10018', CAST(0x00008B9000000000 AS DateTime), CAST(0x00008BAC00000000 AS DateTime), CAST(0x00008B9200000000 AS DateTime), 6)
INSERT [dbo].[Orders] ([OrderID], [CustomerID], [OrderDate], [RequiredDate], [ShippedDate], [ShipVia]) VALUES (10722, N'CPDM10019', CAST(0x00008B9200000000 AS DateTime), CAST(0x00008BBC00000000 AS DateTime), CAST(0x00008B9800000000 AS DateTime), 1)
INSERT [dbo].[Orders] ([OrderID], [CustomerID], [OrderDate], [RequiredDate], [ShippedDate], [ShipVia]) VALUES (10724, N'CPDM10022', CAST(0x00008B9300000000 AS DateTime), CAST(0x00008BBD00000000 AS DateTime), CAST(0x00008B9900000000 AS DateTime), 6)
INSERT [dbo].[Orders] ([OrderID], [CustomerID], [OrderDate], [RequiredDate], [ShippedDate], [ShipVia]) VALUES (10726, N'CPDM10056', CAST(0x00008B9700000000 AS DateTime), CAST(0x00008BA500000000 AS DateTime), CAST(0x00008BB700000000 AS DateTime), 6)
INSERT [dbo].[Orders] ([OrderID], [CustomerID], [OrderDate], [RequiredDate], [ShippedDate], [ShipVia]) VALUES (10729, N'CPDM10041', CAST(0x00008B9800000000 AS DateTime), CAST(0x00008BC200000000 AS DateTime), CAST(0x00008BA200000000 AS DateTime), 1)
INSERT [dbo].[Orders] ([OrderID], [CustomerID], [OrderDate], [RequiredDate], [ShippedDate], [ShipVia]) VALUES (10730, N'CPDM10047', CAST(0x00008B9900000000 AS DateTime), CAST(0x00008BB500000000 AS DateTime), CAST(0x00008BA200000000 AS DateTime), 3)
INSERT [dbo].[Orders] ([OrderID], [CustomerID], [OrderDate], [RequiredDate], [ShippedDate], [ShipVia]) VALUES (10733, N'CPDM10051', CAST(0x00008B9B00000000 AS DateTime), CAST(0x00008BB700000000 AS DateTime), CAST(0x00008B9E00000000 AS DateTime), 3)
INSERT [dbo].[Orders] ([OrderID], [CustomerID], [OrderDate], [RequiredDate], [ShippedDate], [ShipVia]) VALUES (10734, N'CPDM10056', CAST(0x00008B9B00000000 AS DateTime), CAST(0x00008BB700000000 AS DateTime), CAST(0x00008BA000000000 AS DateTime), 6)
INSERT [dbo].[Orders] ([OrderID], [CustomerID], [OrderDate], [RequiredDate], [ShippedDate], [ShipVia]) VALUES (10737, N'CPDM10001', CAST(0x00008B9F00000000 AS DateTime), CAST(0x00008BBB00000000 AS DateTime), CAST(0x00008BA600000000 AS DateTime), 6)
INSERT [dbo].[Orders] ([OrderID], [CustomerID], [OrderDate], [RequiredDate], [ShippedDate], [ShipVia]) VALUES (10738, N'CPDM10056', CAST(0x00008BA000000000 AS DateTime), CAST(0x00008BBC00000000 AS DateTime), CAST(0x00008BA600000000 AS DateTime), 5)
INSERT [dbo].[Orders] ([OrderID], [CustomerID], [OrderDate], [RequiredDate], [ShippedDate], [ShipVia]) VALUES (10741, N'CPDM10034', CAST(0x00008BA200000000 AS DateTime), CAST(0x00008BB000000000 AS DateTime), CAST(0x00008BA600000000 AS DateTime), 3)
INSERT [dbo].[Orders] ([OrderID], [CustomerID], [OrderDate], [RequiredDate], [ShippedDate], [ShipVia]) VALUES (10742, N'CPDM10031', CAST(0x00008BA200000000 AS DateTime), CAST(0x00008BBE00000000 AS DateTime), CAST(0x00008BA600000000 AS DateTime), 5)
INSERT [dbo].[Orders] ([OrderID], [CustomerID], [OrderDate], [RequiredDate], [ShippedDate], [ShipVia]) VALUES (10746, N'CPDM10030', CAST(0x00008BA700000000 AS DateTime), CAST(0x00008BC300000000 AS DateTime), CAST(0x00008BA900000000 AS DateTime), 4)
INSERT [dbo].[Orders] ([OrderID], [CustomerID], [OrderDate], [RequiredDate], [ShippedDate], [ShipVia]) VALUES (10750, N'CPDM10007', CAST(0x00008BA900000000 AS DateTime), CAST(0x00008BC500000000 AS DateTime), CAST(0x00008BAC00000000 AS DateTime), 2)
INSERT [dbo].[Orders] ([OrderID], [CustomerID], [OrderDate], [RequiredDate], [ShippedDate], [ShipVia]) VALUES (10752, N'CPDM10056', CAST(0x00008BAC00000000 AS DateTime), CAST(0x00008BC800000000 AS DateTime), CAST(0x00008BB000000000 AS DateTime), 2)
INSERT [dbo].[Orders] ([OrderID], [CustomerID], [OrderDate], [RequiredDate], [ShippedDate], [ShipVia]) VALUES (10764, N'CPDM10003', CAST(0x00008BB500000000 AS DateTime), CAST(0x00008BD100000000 AS DateTime), CAST(0x00008BBA00000000 AS DateTime), 2)
INSERT [dbo].[Orders] ([OrderID], [CustomerID], [OrderDate], [RequiredDate], [ShippedDate], [ShipVia]) VALUES (10766, N'CPDM10044', CAST(0x00008BB700000000 AS DateTime), CAST(0x00008BD300000000 AS DateTime), CAST(0x00008BBB00000000 AS DateTime), 1)
INSERT [dbo].[Orders] ([OrderID], [CustomerID], [OrderDate], [RequiredDate], [ShippedDate], [ShipVia]) VALUES (10770, N'CPDM10027', CAST(0x00008BBB00000000 AS DateTime), CAST(0x00008BD700000000 AS DateTime), CAST(0x00008BC300000000 AS DateTime), 5)
INSERT [dbo].[Orders] ([OrderID], [CustomerID], [OrderDate], [RequiredDate], [ShippedDate], [ShipVia]) VALUES (10775, N'CPDM10027', CAST(0x00008BBE00000000 AS DateTime), CAST(0x00008BDA00000000 AS DateTime), CAST(0x00008BCC00000000 AS DateTime), 4)
INSERT [dbo].[Orders] ([OrderID], [CustomerID], [OrderDate], [RequiredDate], [ShippedDate], [ShipVia]) VALUES (10779, N'CPDM10027', CAST(0x00008BC200000000 AS DateTime), CAST(0x00008BDE00000000 AS DateTime), CAST(0x00008BDF00000000 AS DateTime), 2)
INSERT [dbo].[Orders] ([OrderID], [CustomerID], [OrderDate], [RequiredDate], [ShippedDate], [ShipVia]) VALUES (10785, N'CPDM10026', CAST(0x00008BC400000000 AS DateTime), CAST(0x00008BE000000000 AS DateTime), CAST(0x00008BCA00000000 AS DateTime), 1)
INSERT [dbo].[Orders] ([OrderID], [CustomerID], [OrderDate], [RequiredDate], [ShippedDate], [ShipVia]) VALUES (10786, N'CPDM10043', CAST(0x00008BC500000000 AS DateTime), CAST(0x00008BE100000000 AS DateTime), CAST(0x00008BC900000000 AS DateTime), 3)
INSERT [dbo].[Orders] ([OrderID], [CustomerID], [OrderDate], [RequiredDate], [ShippedDate], [ShipVia]) VALUES (10787, N'CPDM10045', CAST(0x00008BC500000000 AS DateTime), CAST(0x00008BD300000000 AS DateTime), CAST(0x00008BCC00000000 AS DateTime), 2)
INSERT [dbo].[Orders] ([OrderID], [CustomerID], [OrderDate], [RequiredDate], [ShippedDate], [ShipVia]) VALUES (10790, N'CPDM10056', CAST(0x00008BC800000000 AS DateTime), CAST(0x00008BE400000000 AS DateTime), CAST(0x00008BCC00000000 AS DateTime), 1)
INSERT [dbo].[Orders] ([OrderID], [CustomerID], [OrderDate], [RequiredDate], [ShippedDate], [ShipVia]) VALUES (10792, N'CPDM10061', CAST(0x00008BC900000000 AS DateTime), CAST(0x00008BE500000000 AS DateTime), CAST(0x00008BD100000000 AS DateTime), 6)
INSERT [dbo].[Orders] ([OrderID], [CustomerID], [OrderDate], [RequiredDate], [ShippedDate], [ShipVia]) VALUES (10794, N'CPDM10014', CAST(0x00008BCA00000000 AS DateTime), CAST(0x00008BE600000000 AS DateTime), CAST(0x00008BD300000000 AS DateTime), 4)
INSERT [dbo].[Orders] ([OrderID], [CustomerID], [OrderDate], [RequiredDate], [ShippedDate], [ShipVia]) VALUES (10795, N'CPDM10003', CAST(0x00008BCA00000000 AS DateTime), CAST(0x00008BE600000000 AS DateTime), CAST(0x00008BE500000000 AS DateTime), 1)
INSERT [dbo].[Orders] ([OrderID], [CustomerID], [OrderDate], [RequiredDate], [ShippedDate], [ShipVia]) VALUES (10797, N'CPDM10036', CAST(0x00008BCB00000000 AS DateTime), CAST(0x00008BE700000000 AS DateTime), CAST(0x00008BD600000000 AS DateTime), 3)
INSERT [dbo].[Orders] ([OrderID], [CustomerID], [OrderDate], [RequiredDate], [ShippedDate], [ShipVia]) VALUES (10799, N'CPDM10018', CAST(0x00008BCC00000000 AS DateTime), CAST(0x00008BF600000000 AS DateTime), CAST(0x00008BD600000000 AS DateTime), 1)
INSERT [dbo].[Orders] ([OrderID], [CustomerID], [OrderDate], [RequiredDate], [ShippedDate], [ShipVia]) VALUES (10800, N'CPDM10028', CAST(0x00008BCC00000000 AS DateTime), CAST(0x00008BE800000000 AS DateTime), CAST(0x00008BD600000000 AS DateTime), 6)
INSERT [dbo].[Orders] ([OrderID], [CustomerID], [OrderDate], [RequiredDate], [ShippedDate], [ShipVia]) VALUES (10804, N'CPDM10028', CAST(0x00008BD000000000 AS DateTime), CAST(0x00008BEC00000000 AS DateTime), CAST(0x00008BD800000000 AS DateTime), 1)
GO
INSERT [dbo].[Orders] ([OrderID], [CustomerID], [OrderDate], [RequiredDate], [ShippedDate], [ShipVia]) VALUES (10806, N'CPDM10046', CAST(0x00008BD100000000 AS DateTime), CAST(0x00008BED00000000 AS DateTime), CAST(0x00008BD600000000 AS DateTime), 2)
INSERT [dbo].[Orders] ([OrderID], [CustomerID], [OrderDate], [RequiredDate], [ShippedDate], [ShipVia]) VALUES (10810, N'CPDM10026', CAST(0x00008BD200000000 AS DateTime), CAST(0x00008BEE00000000 AS DateTime), CAST(0x00008BD800000000 AS DateTime), 1)
INSERT [dbo].[Orders] ([OrderID], [CustomerID], [OrderDate], [RequiredDate], [ShippedDate], [ShipVia]) VALUES (10813, N'CPDM10011', CAST(0x00008BD600000000 AS DateTime), CAST(0x00008BF200000000 AS DateTime), CAST(0x00008BDA00000000 AS DateTime), 2)
INSERT [dbo].[Orders] ([OrderID], [CustomerID], [OrderDate], [RequiredDate], [ShippedDate], [ShipVia]) VALUES (10823, N'CPDM10010', CAST(0x00008BDA00000000 AS DateTime), CAST(0x00008BF600000000 AS DateTime), CAST(0x00008BDE00000000 AS DateTime), 3)
INSERT [dbo].[Orders] ([OrderID], [CustomerID], [OrderDate], [RequiredDate], [ShippedDate], [ShipVia]) VALUES (10827, N'CPDM10047', CAST(0x00008BDD00000000 AS DateTime), CAST(0x00008BEB00000000 AS DateTime), CAST(0x00008BF600000000 AS DateTime), 1)
INSERT [dbo].[Orders] ([OrderID], [CustomerID], [OrderDate], [RequiredDate], [ShippedDate], [ShipVia]) VALUES (10829, N'CPDM10026', CAST(0x00008BDE00000000 AS DateTime), CAST(0x00008BFA00000000 AS DateTime), CAST(0x00008BE800000000 AS DateTime), 2)
INSERT [dbo].[Orders] ([OrderID], [CustomerID], [OrderDate], [RequiredDate], [ShippedDate], [ShipVia]) VALUES (10830, N'CPDM10059', CAST(0x00008BDE00000000 AS DateTime), CAST(0x00008C0800000000 AS DateTime), CAST(0x00008BE600000000 AS DateTime), 2)
INSERT [dbo].[Orders] ([OrderID], [CustomerID], [OrderDate], [RequiredDate], [ShippedDate], [ShipVia]) VALUES (10832, N'CPDM10045', CAST(0x00008BDF00000000 AS DateTime), CAST(0x00008BFB00000000 AS DateTime), CAST(0x00008BE400000000 AS DateTime), 1)
INSERT [dbo].[Orders] ([OrderID], [CustomerID], [OrderDate], [RequiredDate], [ShippedDate], [ShipVia]) VALUES (10833, N'CPDM10044', CAST(0x00008BE000000000 AS DateTime), CAST(0x00008BFC00000000 AS DateTime), CAST(0x00008BE800000000 AS DateTime), 2)
INSERT [dbo].[Orders] ([OrderID], [CustomerID], [OrderDate], [RequiredDate], [ShippedDate], [ShipVia]) VALUES (10837, N'CPDM10051', CAST(0x00008BE100000000 AS DateTime), CAST(0x00008BFD00000000 AS DateTime), CAST(0x00008BE800000000 AS DateTime), 2)
INSERT [dbo].[Orders] ([OrderID], [CustomerID], [OrderDate], [RequiredDate], [ShippedDate], [ShipVia]) VALUES (10838, N'CPDM10041', CAST(0x00008BE400000000 AS DateTime), CAST(0x00008C0000000000 AS DateTime), CAST(0x00008BE800000000 AS DateTime), 5)
INSERT [dbo].[Orders] ([OrderID], [CustomerID], [OrderDate], [RequiredDate], [ShippedDate], [ShipVia]) VALUES (10841, N'CPDM10023', CAST(0x00008BE500000000 AS DateTime), CAST(0x00008C0100000000 AS DateTime), CAST(0x00008BEE00000000 AS DateTime), 4)
INSERT [dbo].[Orders] ([OrderID], [CustomerID], [OrderDate], [RequiredDate], [ShippedDate], [ShipVia]) VALUES (10842, N'CPDM10009', CAST(0x00008BE500000000 AS DateTime), CAST(0x00008C0100000000 AS DateTime), CAST(0x00008BEE00000000 AS DateTime), 6)
INSERT [dbo].[Orders] ([OrderID], [CustomerID], [OrderDate], [RequiredDate], [ShippedDate], [ShipVia]) VALUES (10846, N'CPDM10023', CAST(0x00008BE700000000 AS DateTime), CAST(0x00008C1100000000 AS DateTime), CAST(0x00008BE800000000 AS DateTime), 4)
INSERT [dbo].[Orders] ([OrderID], [CustomerID], [OrderDate], [RequiredDate], [ShippedDate], [ShipVia]) VALUES (10847, N'CPDM10019', CAST(0x00008BE700000000 AS DateTime), CAST(0x00008BF500000000 AS DateTime), CAST(0x00008BFA00000000 AS DateTime), 4)
INSERT [dbo].[Orders] ([OrderID], [CustomerID], [OrderDate], [RequiredDate], [ShippedDate], [ShipVia]) VALUES (10848, N'CPDM10039', CAST(0x00008BE800000000 AS DateTime), CAST(0x00008C0400000000 AS DateTime), CAST(0x00008BEE00000000 AS DateTime), 3)
INSERT [dbo].[Orders] ([OrderID], [CustomerID], [OrderDate], [RequiredDate], [ShippedDate], [ShipVia]) VALUES (10849, N'CPDM10018', CAST(0x00008BE800000000 AS DateTime), CAST(0x00008C0400000000 AS DateTime), CAST(0x00008BEF00000000 AS DateTime), 3)
INSERT [dbo].[Orders] ([OrderID], [CustomerID], [OrderDate], [RequiredDate], [ShippedDate], [ShipVia]) VALUES (10851, N'CPDM10011', CAST(0x00008BEB00000000 AS DateTime), CAST(0x00008C0700000000 AS DateTime), CAST(0x00008BF200000000 AS DateTime), 5)
INSERT [dbo].[Orders] ([OrderID], [CustomerID], [OrderDate], [RequiredDate], [ShippedDate], [ShipVia]) VALUES (10852, N'CPDM10004', CAST(0x00008BEB00000000 AS DateTime), CAST(0x00008BF900000000 AS DateTime), CAST(0x00008BEF00000000 AS DateTime), 2)
INSERT [dbo].[Orders] ([OrderID], [CustomerID], [OrderDate], [RequiredDate], [ShippedDate], [ShipVia]) VALUES (10854, N'CPDM10003', CAST(0x00008BEC00000000 AS DateTime), CAST(0x00008C0800000000 AS DateTime), CAST(0x00008BF500000000 AS DateTime), 5)
INSERT [dbo].[Orders] ([OrderID], [CustomerID], [OrderDate], [RequiredDate], [ShippedDate], [ShipVia]) VALUES (10855, N'CPDM10056', CAST(0x00008BEC00000000 AS DateTime), CAST(0x00008C0800000000 AS DateTime), CAST(0x00008BF400000000 AS DateTime), 5)
INSERT [dbo].[Orders] ([OrderID], [CustomerID], [OrderDate], [RequiredDate], [ShippedDate], [ShipVia]) VALUES (10856, N'CPDM10029', CAST(0x00008BED00000000 AS DateTime), CAST(0x00008C0900000000 AS DateTime), CAST(0x00008BFA00000000 AS DateTime), 5)
INSERT [dbo].[Orders] ([OrderID], [CustomerID], [OrderDate], [RequiredDate], [ShippedDate], [ShipVia]) VALUES (10857, N'CPDM10051', CAST(0x00008BED00000000 AS DateTime), CAST(0x00008C0900000000 AS DateTime), CAST(0x00008BF600000000 AS DateTime), 4)
INSERT [dbo].[Orders] ([OrderID], [CustomerID], [OrderDate], [RequiredDate], [ShippedDate], [ShipVia]) VALUES (10858, N'CPDM10023', CAST(0x00008BEE00000000 AS DateTime), CAST(0x00008C0A00000000 AS DateTime), CAST(0x00008BF300000000 AS DateTime), 4)
INSERT [dbo].[Orders] ([OrderID], [CustomerID], [OrderDate], [RequiredDate], [ShippedDate], [ShipVia]) VALUES (10862, N'CPDM10048', CAST(0x00008BEF00000000 AS DateTime), CAST(0x00008C1900000000 AS DateTime), CAST(0x00008BF200000000 AS DateTime), 1)
INSERT [dbo].[Orders] ([OrderID], [CustomerID], [OrderDate], [RequiredDate], [ShippedDate], [ShipVia]) VALUES (10863, N'CPDM10050', CAST(0x00008BF200000000 AS DateTime), CAST(0x00008C0E00000000 AS DateTime), CAST(0x00008C0100000000 AS DateTime), 6)
INSERT [dbo].[Orders] ([OrderID], [CustomerID], [OrderDate], [RequiredDate], [ShippedDate], [ShipVia]) VALUES (10866, N'CPDM10051', CAST(0x00008BF300000000 AS DateTime), CAST(0x00008C0F00000000 AS DateTime), CAST(0x00008BFC00000000 AS DateTime), 4)
INSERT [dbo].[Orders] ([OrderID], [CustomerID], [OrderDate], [RequiredDate], [ShippedDate], [ShipVia]) VALUES (10869, N'CPDM10028', CAST(0x00008BF400000000 AS DateTime), CAST(0x00008C1000000000 AS DateTime), CAST(0x00008BF900000000 AS DateTime), 4)
INSERT [dbo].[Orders] ([OrderID], [CustomerID], [OrderDate], [RequiredDate], [ShippedDate], [ShipVia]) VALUES (10871, N'CPDM10047', CAST(0x00008BF500000000 AS DateTime), CAST(0x00008C1100000000 AS DateTime), CAST(0x00008BFA00000000 AS DateTime), 1)
INSERT [dbo].[Orders] ([OrderID], [CustomerID], [OrderDate], [RequiredDate], [ShippedDate], [ShipVia]) VALUES (10874, N'CPDM10023', CAST(0x00008BF600000000 AS DateTime), CAST(0x00008C1200000000 AS DateTime), CAST(0x00008BFB00000000 AS DateTime), 3)
INSERT [dbo].[Orders] ([OrderID], [CustomerID], [OrderDate], [RequiredDate], [ShippedDate], [ShipVia]) VALUES (10877, N'CPDM10011', CAST(0x00008BF900000000 AS DateTime), CAST(0x00008C1500000000 AS DateTime), CAST(0x00008C0300000000 AS DateTime), 2)
INSERT [dbo].[Orders] ([OrderID], [CustomerID], [OrderDate], [RequiredDate], [ShippedDate], [ShipVia]) VALUES (10885, N'CPDM10023', CAST(0x00008BFC00000000 AS DateTime), CAST(0x00008C1800000000 AS DateTime), CAST(0x00008C0200000000 AS DateTime), 3)
INSERT [dbo].[Orders] ([OrderID], [CustomerID], [OrderDate], [RequiredDate], [ShippedDate], [ShipVia]) VALUES (10886, N'CPDM10027', CAST(0x00008BFD00000000 AS DateTime), CAST(0x00008C1900000000 AS DateTime), CAST(0x00008C0E00000000 AS DateTime), 1)
INSERT [dbo].[Orders] ([OrderID], [CustomerID], [OrderDate], [RequiredDate], [ShippedDate], [ShipVia]) VALUES (10888, N'CPDM10023', CAST(0x00008C0000000000 AS DateTime), CAST(0x00008C1C00000000 AS DateTime), CAST(0x00008C0700000000 AS DateTime), 5)
INSERT [dbo].[Orders] ([OrderID], [CustomerID], [OrderDate], [RequiredDate], [ShippedDate], [ShipVia]) VALUES (10889, N'CPDM10004', CAST(0x00008C0000000000 AS DateTime), CAST(0x00008C1C00000000 AS DateTime), CAST(0x00008C0700000000 AS DateTime), 1)
INSERT [dbo].[Orders] ([OrderID], [CustomerID], [OrderDate], [RequiredDate], [ShippedDate], [ShipVia]) VALUES (10893, N'CPDM10018', CAST(0x00008C0200000000 AS DateTime), CAST(0x00008C1E00000000 AS DateTime), CAST(0x00008C0400000000 AS DateTime), 4)
INSERT [dbo].[Orders] ([OrderID], [CustomerID], [OrderDate], [RequiredDate], [ShippedDate], [ShipVia]) VALUES (10894, N'CPDM10019', CAST(0x00008C0200000000 AS DateTime), CAST(0x00008C1E00000000 AS DateTime), CAST(0x00008C0400000000 AS DateTime), 5)
INSERT [dbo].[Orders] ([OrderID], [CustomerID], [OrderDate], [RequiredDate], [ShippedDate], [ShipVia]) VALUES (10898, N'CPDM10037', CAST(0x00008C0400000000 AS DateTime), CAST(0x00008C2000000000 AS DateTime), CAST(0x00008C1200000000 AS DateTime), 3)
INSERT [dbo].[Orders] ([OrderID], [CustomerID], [OrderDate], [RequiredDate], [ShippedDate], [ShipVia]) VALUES (10903, N'CPDM10027', CAST(0x00008C0800000000 AS DateTime), CAST(0x00008C2400000000 AS DateTime), CAST(0x00008C1000000000 AS DateTime), 1)
INSERT [dbo].[Orders] ([OrderID], [CustomerID], [OrderDate], [RequiredDate], [ShippedDate], [ShipVia]) VALUES (10905, N'CPDM10038', CAST(0x00008C0800000000 AS DateTime), CAST(0x00008C2400000000 AS DateTime), CAST(0x00008C1200000000 AS DateTime), 1)
INSERT [dbo].[Orders] ([OrderID], [CustomerID], [OrderDate], [RequiredDate], [ShippedDate], [ShipVia]) VALUES (10908, N'CPDM10040', CAST(0x00008C0A00000000 AS DateTime), CAST(0x00008C2600000000 AS DateTime), CAST(0x00008C1200000000 AS DateTime), 1)
INSERT [dbo].[Orders] ([OrderID], [CustomerID], [OrderDate], [RequiredDate], [ShippedDate], [ShipVia]) VALUES (10909, N'CPDM10023', CAST(0x00008C0A00000000 AS DateTime), CAST(0x00008C2600000000 AS DateTime), CAST(0x00008C1600000000 AS DateTime), 4)
INSERT [dbo].[Orders] ([OrderID], [CustomerID], [OrderDate], [RequiredDate], [ShippedDate], [ShipVia]) VALUES (10911, N'CPDM10023', CAST(0x00008C0A00000000 AS DateTime), CAST(0x00008C2600000000 AS DateTime), CAST(0x00008C1100000000 AS DateTime), 3)
INSERT [dbo].[Orders] ([OrderID], [CustomerID], [OrderDate], [RequiredDate], [ShippedDate], [ShipVia]) VALUES (10912, N'CPDM10015', CAST(0x00008C0A00000000 AS DateTime), CAST(0x00008C2600000000 AS DateTime), CAST(0x00008C1E00000000 AS DateTime), 5)
INSERT [dbo].[Orders] ([OrderID], [CustomerID], [OrderDate], [RequiredDate], [ShippedDate], [ShipVia]) VALUES (10913, N'CPDM10043', CAST(0x00008C0A00000000 AS DateTime), CAST(0x00008C2600000000 AS DateTime), CAST(0x00008C1000000000 AS DateTime), 4)
INSERT [dbo].[Orders] ([OrderID], [CustomerID], [OrderDate], [RequiredDate], [ShippedDate], [ShipVia]) VALUES (10916, N'CPDM10023', CAST(0x00008C0B00000000 AS DateTime), CAST(0x00008C2700000000 AS DateTime), CAST(0x00008C1500000000 AS DateTime), 2)
INSERT [dbo].[Orders] ([OrderID], [CustomerID], [OrderDate], [RequiredDate], [ShippedDate], [ShipVia]) VALUES (10918, N'CPDM10031', CAST(0x00008C0E00000000 AS DateTime), CAST(0x00008C2A00000000 AS DateTime), CAST(0x00008C1700000000 AS DateTime), 3)
INSERT [dbo].[Orders] ([OrderID], [CustomerID], [OrderDate], [RequiredDate], [ShippedDate], [ShipVia]) VALUES (10919, N'CPDM10041', CAST(0x00008C0E00000000 AS DateTime), CAST(0x00008C2A00000000 AS DateTime), CAST(0x00008C1000000000 AS DateTime), 5)
INSERT [dbo].[Orders] ([OrderID], [CustomerID], [OrderDate], [RequiredDate], [ShippedDate], [ShipVia]) VALUES (10924, N'CPDM10051', CAST(0x00008C1000000000 AS DateTime), CAST(0x00008C2C00000000 AS DateTime), CAST(0x00008C3300000000 AS DateTime), 5)
INSERT [dbo].[Orders] ([OrderID], [CustomerID], [OrderDate], [RequiredDate], [ShippedDate], [ShipVia]) VALUES (10926, N'CPDM10063', CAST(0x00008C1000000000 AS DateTime), CAST(0x00008C2C00000000 AS DateTime), CAST(0x00008C1700000000 AS DateTime), 1)
INSERT [dbo].[Orders] ([OrderID], [CustomerID], [OrderDate], [RequiredDate], [ShippedDate], [ShipVia]) VALUES (10931, N'CPDM10032', CAST(0x00008C1200000000 AS DateTime), CAST(0x00008C2000000000 AS DateTime), CAST(0x00008C1F00000000 AS DateTime), 3)
INSERT [dbo].[Orders] ([OrderID], [CustomerID], [OrderDate], [RequiredDate], [ShippedDate], [ShipVia]) VALUES (10932, N'CPDM10047', CAST(0x00008C1200000000 AS DateTime), CAST(0x00008C2E00000000 AS DateTime), CAST(0x00008C2400000000 AS DateTime), 1)
INSERT [dbo].[Orders] ([OrderID], [CustomerID], [OrderDate], [RequiredDate], [ShippedDate], [ShipVia]) VALUES (10934, N'CPDM10048', CAST(0x00008C1500000000 AS DateTime), CAST(0x00008C3100000000 AS DateTime), CAST(0x00008C1800000000 AS DateTime), 1)
INSERT [dbo].[Orders] ([OrderID], [CustomerID], [OrderDate], [RequiredDate], [ShippedDate], [ShipVia]) VALUES (10935, N'CPDM10038', CAST(0x00008C1500000000 AS DateTime), CAST(0x00008C3100000000 AS DateTime), CAST(0x00008C1E00000000 AS DateTime), 1)
INSERT [dbo].[Orders] ([OrderID], [CustomerID], [OrderDate], [RequiredDate], [ShippedDate], [ShipVia]) VALUES (10938, N'CPDM10008', CAST(0x00008C1600000000 AS DateTime), CAST(0x00008C3200000000 AS DateTime), CAST(0x00008C1C00000000 AS DateTime), 2)
INSERT [dbo].[Orders] ([OrderID], [CustomerID], [OrderDate], [RequiredDate], [ShippedDate], [ShipVia]) VALUES (10939, N'CPDM10065', CAST(0x00008C1600000000 AS DateTime), CAST(0x00008C3200000000 AS DateTime), CAST(0x00008C1900000000 AS DateTime), 3)
INSERT [dbo].[Orders] ([OrderID], [CustomerID], [OrderDate], [RequiredDate], [ShippedDate], [ShipVia]) VALUES (10940, N'CPDM10047', CAST(0x00008C1700000000 AS DateTime), CAST(0x00008C3300000000 AS DateTime), CAST(0x00008C2300000000 AS DateTime), 1)
INSERT [dbo].[Orders] ([OrderID], [CustomerID], [OrderDate], [RequiredDate], [ShippedDate], [ShipVia]) VALUES (10943, N'CPDM10012', CAST(0x00008C1700000000 AS DateTime), CAST(0x00008C3300000000 AS DateTime), CAST(0x00008C1F00000000 AS DateTime), 1)
INSERT [dbo].[Orders] ([OrderID], [CustomerID], [OrderDate], [RequiredDate], [ShippedDate], [ShipVia]) VALUES (10944, N'CPDM10031', CAST(0x00008C1800000000 AS DateTime), CAST(0x00008C2600000000 AS DateTime), CAST(0x00008C1900000000 AS DateTime), 5)
INSERT [dbo].[Orders] ([OrderID], [CustomerID], [OrderDate], [RequiredDate], [ShippedDate], [ShipVia]) VALUES (10945, N'CPDM10027', CAST(0x00008C1800000000 AS DateTime), CAST(0x00008C3400000000 AS DateTime), CAST(0x00008C1E00000000 AS DateTime), 4)
INSERT [dbo].[Orders] ([OrderID], [CustomerID], [OrderDate], [RequiredDate], [ShippedDate], [ShipVia]) VALUES (10946, N'CPDM10054', CAST(0x00008C1800000000 AS DateTime), CAST(0x00008C3400000000 AS DateTime), CAST(0x00008C1F00000000 AS DateTime), 1)
INSERT [dbo].[Orders] ([OrderID], [CustomerID], [OrderDate], [RequiredDate], [ShippedDate], [ShipVia]) VALUES (10949, N'CPDM10031', CAST(0x00008C1900000000 AS DateTime), CAST(0x00008C3500000000 AS DateTime), CAST(0x00008C1D00000000 AS DateTime), 4)
INSERT [dbo].[Orders] ([OrderID], [CustomerID], [OrderDate], [RequiredDate], [ShippedDate], [ShipVia]) VALUES (10950, N'CPDM10065', CAST(0x00008C1C00000000 AS DateTime), CAST(0x00008C3800000000 AS DateTime), CAST(0x00008C2300000000 AS DateTime), 4)
INSERT [dbo].[Orders] ([OrderID], [CustomerID], [OrderDate], [RequiredDate], [ShippedDate], [ShipVia]) VALUES (10952, N'CPDM10056', CAST(0x00008C1C00000000 AS DateTime), CAST(0x00008C4600000000 AS DateTime), CAST(0x00008C2400000000 AS DateTime), 4)
INSERT [dbo].[Orders] ([OrderID], [CustomerID], [OrderDate], [RequiredDate], [ShippedDate], [ShipVia]) VALUES (10954, N'CPDM10041', CAST(0x00008C1D00000000 AS DateTime), CAST(0x00008C4700000000 AS DateTime), CAST(0x00008C2000000000 AS DateTime), 6)
INSERT [dbo].[Orders] ([OrderID], [CustomerID], [OrderDate], [RequiredDate], [ShippedDate], [ShipVia]) VALUES (10958, N'CPDM10037', CAST(0x00008C1E00000000 AS DateTime), CAST(0x00008C3A00000000 AS DateTime), CAST(0x00008C2700000000 AS DateTime), 3)
INSERT [dbo].[Orders] ([OrderID], [CustomerID], [OrderDate], [RequiredDate], [ShippedDate], [ShipVia]) VALUES (10962, N'CPDM10008', CAST(0x00008C1F00000000 AS DateTime), CAST(0x00008C3B00000000 AS DateTime), CAST(0x00008C2300000000 AS DateTime), 2)
INSERT [dbo].[Orders] ([OrderID], [CustomerID], [OrderDate], [RequiredDate], [ShippedDate], [ShipVia]) VALUES (10968, N'CPDM10003', CAST(0x00008C2300000000 AS DateTime), CAST(0x00008C3F00000000 AS DateTime), CAST(0x00008C2C00000000 AS DateTime), 3)
INSERT [dbo].[Orders] ([OrderID], [CustomerID], [OrderDate], [RequiredDate], [ShippedDate], [ShipVia]) VALUES (10975, N'CPDM10031', CAST(0x00008C2500000000 AS DateTime), CAST(0x00008C4100000000 AS DateTime), CAST(0x00008C2700000000 AS DateTime), 4)
INSERT [dbo].[Orders] ([OrderID], [CustomerID], [OrderDate], [RequiredDate], [ShippedDate], [ShipVia]) VALUES (10978, N'CPDM10023', CAST(0x00008C2600000000 AS DateTime), CAST(0x00008C4200000000 AS DateTime), CAST(0x00008C4200000000 AS DateTime), 3)
INSERT [dbo].[Orders] ([OrderID], [CustomerID], [OrderDate], [RequiredDate], [ShippedDate], [ShipVia]) VALUES (10979, N'CPDM10003', CAST(0x00008C2600000000 AS DateTime), CAST(0x00008C4200000000 AS DateTime), CAST(0x00008C2B00000000 AS DateTime), 5)
INSERT [dbo].[Orders] ([OrderID], [CustomerID], [OrderDate], [RequiredDate], [ShippedDate], [ShipVia]) VALUES (10982, N'CPDM10031', CAST(0x00008C2700000000 AS DateTime), CAST(0x00008C4300000000 AS DateTime), CAST(0x00008C3300000000 AS DateTime), 1)
INSERT [dbo].[Orders] ([OrderID], [CustomerID], [OrderDate], [RequiredDate], [ShippedDate], [ShipVia]) VALUES (10983, N'CPDM10019', CAST(0x00008C2700000000 AS DateTime), CAST(0x00008C4300000000 AS DateTime), CAST(0x00008C3100000000 AS DateTime), 5)
INSERT [dbo].[Orders] ([OrderID], [CustomerID], [OrderDate], [RequiredDate], [ShippedDate], [ShipVia]) VALUES (10984, N'CPDM10019', CAST(0x00008C2A00000000 AS DateTime), CAST(0x00008C4600000000 AS DateTime), CAST(0x00008C2E00000000 AS DateTime), 6)
INSERT [dbo].[Orders] ([OrderID], [CustomerID], [OrderDate], [RequiredDate], [ShippedDate], [ShipVia]) VALUES (10985, N'CPDM10015', CAST(0x00008C2A00000000 AS DateTime), CAST(0x00008C4600000000 AS DateTime), CAST(0x00008C2D00000000 AS DateTime), 3)
INSERT [dbo].[Orders] ([OrderID], [CustomerID], [OrderDate], [RequiredDate], [ShippedDate], [ShipVia]) VALUES (10986, N'CPDM10037', CAST(0x00008C2A00000000 AS DateTime), CAST(0x00008C4600000000 AS DateTime), CAST(0x00008C4000000000 AS DateTime), 3)
INSERT [dbo].[Orders] ([OrderID], [CustomerID], [OrderDate], [RequiredDate], [ShippedDate], [ShipVia]) VALUES (10987, N'CPDM10056', CAST(0x00008C2B00000000 AS DateTime), CAST(0x00008C4700000000 AS DateTime), CAST(0x00008C3100000000 AS DateTime), 6)
INSERT [dbo].[Orders] ([OrderID], [CustomerID], [OrderDate], [RequiredDate], [ShippedDate], [ShipVia]) VALUES (10988, N'CPDM10004', CAST(0x00008C2B00000000 AS DateTime), CAST(0x00008C4700000000 AS DateTime), CAST(0x00008C3500000000 AS DateTime), 4)
INSERT [dbo].[Orders] ([OrderID], [CustomerID], [OrderDate], [RequiredDate], [ShippedDate], [ShipVia]) VALUES (10989, N'CPDM10014', CAST(0x00008C2B00000000 AS DateTime), CAST(0x00008C4700000000 AS DateTime), CAST(0x00008C2D00000000 AS DateTime), 1)
INSERT [dbo].[Orders] ([OrderID], [CustomerID], [OrderDate], [RequiredDate], [ShippedDate], [ShipVia]) VALUES (10991, N'CPDM10008', CAST(0x00008C2C00000000 AS DateTime), CAST(0x00008C4800000000 AS DateTime), CAST(0x00008C3200000000 AS DateTime), 1)
INSERT [dbo].[Orders] ([OrderID], [CustomerID], [OrderDate], [RequiredDate], [ShippedDate], [ShipVia]) VALUES (11000, N'CPDM10004', CAST(0x00008C3100000000 AS DateTime), CAST(0x00008C4D00000000 AS DateTime), CAST(0x00008C3900000000 AS DateTime), 1)
INSERT [dbo].[Orders] ([OrderID], [CustomerID], [OrderDate], [RequiredDate], [ShippedDate], [ShipVia]) VALUES (11001, N'CPDM10005', CAST(0x00008C3100000000 AS DateTime), CAST(0x00008C4D00000000 AS DateTime), CAST(0x00008C3900000000 AS DateTime), 1)
INSERT [dbo].[Orders] ([OrderID], [CustomerID], [OrderDate], [RequiredDate], [ShippedDate], [ShipVia]) VALUES (11002, N'CPDM10019', CAST(0x00008C3100000000 AS DateTime), CAST(0x00008C4D00000000 AS DateTime), CAST(0x00008C3B00000000 AS DateTime), 1)
INSERT [dbo].[Orders] ([OrderID], [CustomerID], [OrderDate], [RequiredDate], [ShippedDate], [ShipVia]) VALUES (11003, N'CPDM10027', CAST(0x00008C3100000000 AS DateTime), CAST(0x00008C4D00000000 AS DateTime), CAST(0x00008C3300000000 AS DateTime), 6)
INSERT [dbo].[Orders] ([OrderID], [CustomerID], [OrderDate], [RequiredDate], [ShippedDate], [ShipVia]) VALUES (11005, N'CPDM10066', CAST(0x00008C3200000000 AS DateTime), CAST(0x00008C4E00000000 AS DateTime), CAST(0x00008C3500000000 AS DateTime), 6)
INSERT [dbo].[Orders] ([OrderID], [CustomerID], [OrderDate], [RequiredDate], [ShippedDate], [ShipVia]) VALUES (11006, N'CPDM10052', CAST(0x00008C3200000000 AS DateTime), CAST(0x00008C4E00000000 AS DateTime), CAST(0x00008C3A00000000 AS DateTime), 3)
INSERT [dbo].[Orders] ([OrderID], [CustomerID], [OrderDate], [RequiredDate], [ShippedDate], [ShipVia]) VALUES (11007, N'CPDM10021', CAST(0x00008C3300000000 AS DateTime), CAST(0x00008C4F00000000 AS DateTime), CAST(0x00008C3800000000 AS DateTime), 5)
INSERT [dbo].[Orders] ([OrderID], [CustomerID], [OrderDate], [RequiredDate], [ShippedDate], [ShipVia]) VALUES (11010, N'CPDM10040', CAST(0x00008C3400000000 AS DateTime), CAST(0x00008C5000000000 AS DateTime), CAST(0x00008C4000000000 AS DateTime), 1)
INSERT [dbo].[Orders] ([OrderID], [CustomerID], [OrderDate], [RequiredDate], [ShippedDate], [ShipVia]) VALUES (11017, N'CPDM10003', CAST(0x00008C3800000000 AS DateTime), CAST(0x00008C5400000000 AS DateTime), CAST(0x00008C3F00000000 AS DateTime), 1)
INSERT [dbo].[Orders] ([OrderID], [CustomerID], [OrderDate], [RequiredDate], [ShippedDate], [ShipVia]) VALUES (11018, N'CPDM10017', CAST(0x00008C3800000000 AS DateTime), CAST(0x00008C5400000000 AS DateTime), CAST(0x00008C3B00000000 AS DateTime), 4)
INSERT [dbo].[Orders] ([OrderID], [CustomerID], [OrderDate], [RequiredDate], [ShippedDate], [ShipVia]) VALUES (11020, N'CPDM10044', CAST(0x00008C3900000000 AS DateTime), CAST(0x00008C5500000000 AS DateTime), CAST(0x00008C3B00000000 AS DateTime), 2)
INSERT [dbo].[Orders] ([OrderID], [CustomerID], [OrderDate], [RequiredDate], [ShippedDate], [ShipVia]) VALUES (11021, N'CPDM10008', CAST(0x00008C3900000000 AS DateTime), CAST(0x00008C5500000000 AS DateTime), CAST(0x00008C4000000000 AS DateTime), 1)
INSERT [dbo].[Orders] ([OrderID], [CustomerID], [OrderDate], [RequiredDate], [ShippedDate], [ShipVia]) VALUES (11023, N'CPDM10012', CAST(0x00008C3900000000 AS DateTime), CAST(0x00008C4700000000 AS DateTime), CAST(0x00008C4300000000 AS DateTime), 2)
INSERT [dbo].[Orders] ([OrderID], [CustomerID], [OrderDate], [RequiredDate], [ShippedDate], [ShipVia]) VALUES (11025, N'CPDM10007', CAST(0x00008C3A00000000 AS DateTime), CAST(0x00008C5600000000 AS DateTime), CAST(0x00008C4300000000 AS DateTime), 1)
INSERT [dbo].[Orders] ([OrderID], [CustomerID], [OrderDate], [RequiredDate], [ShippedDate], [ShipVia]) VALUES (11030, N'CPDM10019', CAST(0x00008C3C00000000 AS DateTime), CAST(0x00008C5800000000 AS DateTime), CAST(0x00008C4600000000 AS DateTime), 4)
INSERT [dbo].[Orders] ([OrderID], [CustomerID], [OrderDate], [RequiredDate], [ShippedDate], [ShipVia]) VALUES (11031, N'CPDM10019', CAST(0x00008C3C00000000 AS DateTime), CAST(0x00008C5800000000 AS DateTime), CAST(0x00008C4300000000 AS DateTime), 6)
INSERT [dbo].[Orders] ([OrderID], [CustomerID], [OrderDate], [RequiredDate], [ShippedDate], [ShipVia]) VALUES (11035, N'CPDM10023', CAST(0x00008C3F00000000 AS DateTime), CAST(0x00008C5B00000000 AS DateTime), CAST(0x00008C4300000000 AS DateTime), 1)
INSERT [dbo].[Orders] ([OrderID], [CustomerID], [OrderDate], [RequiredDate], [ShippedDate], [ShipVia]) VALUES (11036, N'CPDM10036', CAST(0x00008C3F00000000 AS DateTime), CAST(0x00008C5B00000000 AS DateTime), CAST(0x00008C4100000000 AS DateTime), 3)
INSERT [dbo].[Orders] ([OrderID], [CustomerID], [OrderDate], [RequiredDate], [ShippedDate], [ShipVia]) VALUES (11041, N'CPDM10030', CAST(0x00008C4100000000 AS DateTime), CAST(0x00008C5D00000000 AS DateTime), CAST(0x00008C4700000000 AS DateTime), 1)
INSERT [dbo].[Orders] ([OrderID], [CustomerID], [OrderDate], [RequiredDate], [ShippedDate], [ShipVia]) VALUES (11043, N'CPDM10056', CAST(0x00008C4100000000 AS DateTime), CAST(0x00008C5D00000000 AS DateTime), CAST(0x00008C4800000000 AS DateTime), 6)
INSERT [dbo].[Orders] ([OrderID], [CustomerID], [OrderDate], [RequiredDate], [ShippedDate], [ShipVia]) VALUES (11046, N'CPDM10025', CAST(0x00008C4200000000 AS DateTime), CAST(0x00008C5E00000000 AS DateTime), CAST(0x00008C4300000000 AS DateTime), 3)
INSERT [dbo].[Orders] ([OrderID], [CustomerID], [OrderDate], [RequiredDate], [ShippedDate], [ShipVia]) VALUES (11047, N'CPDM10056', CAST(0x00008C4300000000 AS DateTime), CAST(0x00008C5F00000000 AS DateTime), CAST(0x00008C4A00000000 AS DateTime), 4)
INSERT [dbo].[Orders] ([OrderID], [CustomerID], [OrderDate], [RequiredDate], [ShippedDate], [ShipVia]) VALUES (11049, N'CPDM10056', CAST(0x00008C4300000000 AS DateTime), CAST(0x00008C5F00000000 AS DateTime), CAST(0x00008C4D00000000 AS DateTime), 2)
INSERT [dbo].[Orders] ([OrderID], [CustomerID], [OrderDate], [RequiredDate], [ShippedDate], [ShipVia]) VALUES (11056, N'CPDM10056', CAST(0x00008C4700000000 AS DateTime), CAST(0x00008C5500000000 AS DateTime), CAST(0x00008C4A00000000 AS DateTime), 3)
INSERT [dbo].[Orders] ([OrderID], [CustomerID], [OrderDate], [RequiredDate], [ShippedDate], [ShipVia]) VALUES (11059, N'CPDM10011', CAST(0x00008C4800000000 AS DateTime), CAST(0x00008C7200000000 AS DateTime), NULL, 5)
INSERT [dbo].[Orders] ([OrderID], [CustomerID], [OrderDate], [RequiredDate], [ShippedDate], [ShipVia]) VALUES (11066, N'CPDM10024', CAST(0x00008C4A00000000 AS DateTime), CAST(0x00008C6600000000 AS DateTime), CAST(0x00008C4D00000000 AS DateTime), 2)
INSERT [dbo].[Orders] ([OrderID], [CustomerID], [OrderDate], [RequiredDate], [ShippedDate], [ShipVia]) VALUES (11070, N'CPDM10048', CAST(0x00008C4E00000000 AS DateTime), CAST(0x00008C6A00000000 AS DateTime), NULL, 1)
INSERT [dbo].[Orders] ([OrderID], [CustomerID], [OrderDate], [RequiredDate], [ShippedDate], [ShipVia]) VALUES (11071, N'CPDM10010', CAST(0x00008C4E00000000 AS DateTime), CAST(0x00008C6A00000000 AS DateTime), NULL, 2)
INSERT [dbo].[Orders] ([OrderID], [CustomerID], [OrderDate], [RequiredDate], [ShippedDate], [ShipVia]) VALUES (11072, N'CPDM10003', CAST(0x00008C4E00000000 AS DateTime), CAST(0x00008C6A00000000 AS DateTime), NULL, 5)
INSERT [dbo].[Orders] ([OrderID], [CustomerID], [OrderDate], [RequiredDate], [ShippedDate], [ShipVia]) VALUES (11073, N'CPDM10027', CAST(0x00008C4E00000000 AS DateTime), CAST(0x00008C6A00000000 AS DateTime), NULL, 2)
INSERT [dbo].[Orders] ([OrderID], [CustomerID], [OrderDate], [RequiredDate], [ShippedDate], [ShipVia]) VALUES (11074, N'CPDM10023', CAST(0x00008C4F00000000 AS DateTime), CAST(0x00008C6B00000000 AS DateTime), NULL, 5)
INSERT [dbo].[Orders] ([OrderID], [CustomerID], [OrderDate], [RequiredDate], [ShippedDate], [ShipVia]) VALUES (11075, N'CPDM10032', CAST(0x00008C4F00000000 AS DateTime), CAST(0x00008C6B00000000 AS DateTime), NULL, 1)
INSERT [dbo].[Orders] ([OrderID], [CustomerID], [OrderDate], [RequiredDate], [ShippedDate], [ShipVia]) VALUES (11076, N'CPDM10047', CAST(0x00008C4F00000000 AS DateTime), CAST(0x00008C6B00000000 AS DateTime), NULL, 1)
INSERT [dbo].[Orders] ([OrderID], [CustomerID], [OrderDate], [RequiredDate], [ShippedDate], [ShipVia]) VALUES (11077, N'CPDM10004', CAST(0x00008C4F00000000 AS DateTime), CAST(0x00008C6B00000000 AS DateTime), NULL, 4)
SET IDENTITY_INSERT [dbo].[Orders] OFF
SET ANSI_NULLS ON
GO
SET QUOTED_IDENTIFIER ON
GO
CREATE TABLE [dbo].[Customers](
	[CustomerID] varchar(16) NOT NULL,
	[Name] nvarchar(50) NOT NULL,
	[Phone] varchar(24) NOT NULL,
	[Address] nvarchar(255) NOT NULL,
	[City] nvarchar(15) NOT NULL,
	[Country] nvarchar(255) NULL,
	[ZIPCode] varchar(24) NULL,
	[Email] varchar(255) NULL,
	[Fax] varchar (24) NULL,
 CONSTRAINT [PK_Customers] PRIMARY KEY CLUSTERED 
(
	[CustomerID] ASC
)WITH (PAD_INDEX  = OFF, STATISTICS_NORECOMPUTE  = OFF, IGNORE_DUP_KEY = OFF, ALLOW_ROW_LOCKS  = ON, ALLOW_PAGE_LOCKS  = ON) ON [PRIMARY]
) ON [PRIMARY]
GO
INSERT [dbo].[Customers] ([CustomerID], [Name], [Phone], [Address], [City], [Country], [ZIPCode], [Email], [Fax]) VALUES (N'CPDM00011', N'Ngô Vũ Anh Võ', N'+(84) 969.127.592', N'Xóm 4, Quách An, Thanh An, Thanh Hà', N'Hải Dương', N'Việt Nam', NULL, N'vomoc123@gmail.com', NULL)
INSERT [dbo].[Customers] ([CustomerID], [Name], [Phone], [Address], [City], [Country], [ZIPCode], [Email], [Fax]) VALUES (N'CPDM10001', N'Nguyễn Vãn Công', N'+(84)810.910.418', N'Phố kim, Phượng Sơn, Lục Ngạn', N'Bắc Giang', N'Việt Nam', NULL, NULL, NULL)
INSERT [dbo].[Customers] ([CustomerID], [Name], [Phone], [Address], [City], [Country], [ZIPCode], [Email], [Fax]) VALUES (N'CPDM10002', N'Hà Vãn Thắm', N'+(84) 810.180.497', N'78 Ngõ Trung Tiền, Vãn Chương, Ðống Ða', N'Hà Nội', N'Việt Nam', NULL, NULL, NULL)
INSERT [dbo].[Customers] ([CustomerID], [Name], [Phone], [Address], [City], [Country], [ZIPCode], [Email], [Fax]) VALUES (N'CPDM10003', N'Diệp Bạch Trang', N'+(84) 987.199.040', N'40 Lê Thị Hồng Gấm, Phường 6, TP. Mỹ Tho', N'Tiền Giang', N'Việt Nam', NULL, NULL, NULL)
INSERT [dbo].[Customers] ([CustomerID], [Name], [Phone], [Address], [City], [Country], [ZIPCode], [Email], [Fax]) VALUES (N'CPDM10004', N'Nguyễn Thu Thủy', N'+(84) 987.021.991', N'Thị Trấn Cầu Gồ, Huyện Yên Thế', N'Bắc Giang', N'Việt Nam', NULL, NULL, NULL)
INSERT [dbo].[Customers] ([CustomerID], [Name], [Phone], [Address], [City], [Country], [ZIPCode], [Email], [Fax]) VALUES (N'CPDM10005', N'Ðào Vãn Mỏ', N'+(84) 987.199.201', N'Phương Thiện, Vị Xuyên', N'Hà Giang', N'Việt Nam', NULL, NULL, N'0621-08924')
INSERT [dbo].[Customers] ([CustomerID], [Name], [Phone], [Address], [City], [Country], [ZIPCode], [Email], [Fax]) VALUES (N'CPDM10006', N'Lê Phương Chi', N'+(84) 862.198.404', N'1 Trương Ðịnh, Bến Thành, Quận 1', N'TP Hồ Chí Minh', N'Việt Nam', N'710100', N'chilp1984@gmail.com', N'88.60.15.32')
INSERT [dbo].[Customers] ([CustomerID], [Name], [Phone], [Address], [City], [Country], [ZIPCode], [Email], [Fax]) VALUES (N'CPDM10007', N'Phạm Ngọc Thọ', N'+(84) 882.190.411', N'76 Lê Lai, Bến Thành, Quận 1', N'TP Hồ Chí Minh', N'Việt Nam', N'710100', NULL, N'(91) 555 91 99')
INSERT [dbo].[Customers] ([CustomerID], [Name], [Phone], [Address], [City], [Country], [ZIPCode], [Email], [Fax]) VALUES (N'CPDM10008', N'Tạ Ðình Tiến', N'+(84) 882.190.408', N'TT. Thanh Nê, Kiến Xương', N'Thái Bình', N'Việt Nam', NULL, NULL, NULL)
INSERT [dbo].[Customers] ([CustomerID], [Name], [Phone], [Address], [City], [Country], [ZIPCode], [Email], [Fax]) VALUES (N'CPDM10009', N'Bá Khương Duy', N'+(84) 876.791.912', N'73 Ngõ 67 Cầu Cốc, Tây Mỗ, Từ Liêm', N'Hà Nội', N'Việt Nam', NULL, NULL, N'(604) 555-3745')
INSERT [dbo].[Customers] ([CustomerID], [Name], [Phone], [Address], [City], [Country], [ZIPCode], [Email], [Fax]) VALUES (N'CPDM10010', N'Khương Văn Hùng', N'+(84) 971.208.912', N'Long Thuận, Hồng Ngự', N'Ðồng Tháp', N'Việt Nam', NULL, NULL, NULL)
INSERT [dbo].[Customers] ([CustomerID], [Name], [Phone], [Address], [City], [Country], [ZIPCode], [Email], [Fax]) VALUES (N'CPDM10011', N'Lê Hoàng Chi', N'+(84) 969.200.001', N'Trương Thịnh, Thanh Minh', N'Phú Thọ', N'Việt Nam', NULL, NULL, N'(1) 135-4892')
INSERT [dbo].[Customers] ([CustomerID], [Name], [Phone], [Address], [City], [Country], [ZIPCode], [Email], [Fax]) VALUES (N'CPDM10012', N'Nguyễn Quốc Lập', N'+(84) 969.210.212', N'66 Trần Hưng Ðạo, P. Quang Trung, TP Hải Dương', N'Hải Dương', N'Việt Nam', NULL, NULL, NULL)
INSERT [dbo].[Customers] ([CustomerID], [Name], [Phone], [Address], [City], [Country], [ZIPCode], [Email], [Fax]) VALUES (N'CPDM10013', N'Nguyễn Thị Thảo', N'+(84) 862.210.312', N'66 Trần Hưng Ðạo, P. Quang Trung, TP Hải Dương', N'Hải Dương', N'Việt Nam', NULL, NULL, NULL)
INSERT [dbo].[Customers] ([CustomerID], [Name], [Phone], [Address], [City], [Country], [ZIPCode], [Email], [Fax]) VALUES (N'CPDM10014', N'Nguyễn Thị Hòa', N'+(84) 863.111.126', N'50 Lý Quốc Bảo, P. Ngọc Châu, TP Hải Dương', N'Hải Dương', N'Việt Nam', NULL, NULL, NULL)
INSERT [dbo].[Customers] ([CustomerID], [Name], [Phone], [Address], [City], [Country], [ZIPCode], [Email], [Fax]) VALUES (N'CPDM10015', N'Nguyễn Thị Hòa', N'+(84) 875.199.526', N'Lạc Xá, Quế Tân, Quế Võ', N'Bắc Ninh', N'Việt Nam', NULL, NULL, NULL)
INSERT [dbo].[Customers] ([CustomerID], [Name], [Phone], [Address], [City], [Country], [ZIPCode], [Email], [Fax]) VALUES (N'CPDM10016', N'Hoàng Thị Vinh', N'+(84) 763.721.612', N'28 Nguyễn Sỹ Sách, Hưng Bình, TP. Vinh', N'Nghệ An', N'Việt Nam', NULL, NULL, N'7675-3426')
INSERT [dbo].[Customers] ([CustomerID], [Name], [Phone], [Address], [City], [Country], [ZIPCode], [Email], [Fax]) VALUES (N'CPDM10017', N'Nguyễn Thị Hoa', N'+(84) 763.511.516', N'198 Hồng Bàng, Hưng Bình, TP. Vinh', N'Nghệ An', N'Việt Nam', NULL, NULL, N'(171) 555-3373')
INSERT [dbo].[Customers] ([CustomerID], [Name], [Phone], [Address], [City], [Country], [ZIPCode], [Email], [Fax]) VALUES (N'CPDM10018', N'Ðồng Thị Xuyến', N'+(84) 875.199.526', N'Số 397 Nguyễn Vãn Cừ nối dài, An Bình, Ninh Kiều', N'Cần Thơ', N'Việt Nam', NULL, NULL, NULL)
INSERT [dbo].[Customers] ([CustomerID], [Name], [Phone], [Address], [City], [Country], [ZIPCode], [Email], [Fax]) VALUES (N'CPDM10019', N'Vũ Thi Hợp', N'+(84) 561.058.092', N'Mộ Trạch, Tân Hồng, Bình Giang', N'Hải Dương', N'Việt Nam', NULL, NULL, NULL)
INSERT [dbo].[Customers] ([CustomerID], [Name], [Phone], [Address], [City], [Country], [ZIPCode], [Email], [Fax]) VALUES (N'CPDM10020', N'Hoàng Thị Vinh', N'+(84) 582.877.655', N'130 Lê Hồng Phong, Hưng Bình, TP. Vinh', N'Nghệ An', N'Việt Nam', NULL, NULL, NULL)
INSERT [dbo].[Customers] ([CustomerID], [Name], [Phone], [Address], [City], [Country], [ZIPCode], [Email], [Fax]) VALUES (N'CPDM10021', N'Nguyễn Thị Hồng Thi', N'+(84) 763.582.211', N'182 Lê Duẩn, Bến Thủy, TP. Vinh', N'Nghệ An', N'Việt Nam', NULL, NULL, N'20.16.10.17')
INSERT [dbo].[Customers] ([CustomerID], [Name], [Phone], [Address], [City], [Country], [ZIPCode], [Email], [Fax]) VALUES (N'CPDM10022', N'Nguyễn Ðức Ba', N'+(84) 336.231.158', N'làng Quế, Chi Lãng, Quế Võ', N'Bắc Ninh', N'Việt Nam', NULL, NULL, NULL)
INSERT [dbo].[Customers] ([CustomerID], [Name], [Phone], [Address], [City], [Country], [ZIPCode], [Email], [Fax]) VALUES (N'CPDM10023', N'Phạm Thị Huệ', N'+(84) 355.198.474', N'04 P. Trần Kim Xuyến, Yên Hoà, Cầu Giấy', N'Hà Nội', N'Việt Nam', N'11312', N'phamthihue1984@gmail.com', N'089-0877451')
INSERT [dbo].[Customers] ([CustomerID], [Name], [Phone], [Address], [City], [Country], [ZIPCode], [Email], [Fax]) VALUES (N'CPDM10024', N'Phạm Văn Khánh', N'+(84) 333.199.508', N'203 Nguyễn Huy Tưởng, Thanh Xuân Trung, Thanh Xuân', N'Hà Nội', N'Việt Nam', N'11416', N'khanhspv.yentd@gmail.com', NULL)
INSERT [dbo].[Customers] ([CustomerID], [Name], [Phone], [Address], [City], [Country], [ZIPCode], [Email], [Fax]) VALUES (N'CPDM10025', N'Hà Ðặng Tá', N'+(84) 333.125.906', N'Cầu Chui Số 3, thôn Bầu, Ðông Anh', N'Hà Nội', N'Việt Nam', N'12319', NULL, NULL)
INSERT [dbo].[Customers] ([CustomerID], [Name], [Phone], [Address], [City], [Country], [ZIPCode], [Email], [Fax]) VALUES (N'CPDM10026', N'Lê Hồng Yến', N'+(84) 333.202.121', N'2 Huỳnh Tấn Phát, Thạch Bàn, Long Biên', N'Hà Nội', N'Việt Nam', N'11816', N'yenle1992@gmail.com', NULL)
INSERT [dbo].[Customers] ([CustomerID], [Name], [Phone], [Address], [City], [Country], [ZIPCode], [Email], [Fax]) VALUES (N'CPDM10027', N'Kiều Thị Hồng Nhung', N'+(84) 348.023.293', N'56 Vũ Hựu, P. Thanh Trung, TP. Hải Dương', N'Hải Dương', N'Việt Nam', NULL, N'kieunhung09@gmail.com', NULL)
INSERT [dbo].[Customers] ([CustomerID], [Name], [Phone], [Address], [City], [Country], [ZIPCode], [Email], [Fax]) VALUES (N'CPDM10028', N'Ms. hele zhu', N'+(86) 133-1086-2891', N'Floor 1-3, Building 10, Changxing Science Park, Shayi Community, Shajing Town, Bao`an District, Shenzhen City', N'Guangdong', N'China', N'518104', N'Ms.helenzhu@263.com', NULL)
INSERT [dbo].[Customers] ([CustomerID], [Name], [Phone], [Address], [City], [Country], [ZIPCode], [Email], [Fax]) VALUES (N'CPDM10029', N'Nguyễn Mạnh Nguyên', N'+(84) 968.208.269', N'444, Thôn 3, Thạch Thất', N'Hà Nội', N'Việt Nam', NULL, N'nguyennm.lbhl@gmail.com', NULL)
INSERT [dbo].[Customers] ([CustomerID], [Name], [Phone], [Address], [City], [Country], [ZIPCode], [Email], [Fax]) VALUES (N'CPDM10030', N'Mạc Phong Hoa', N'+(84) 898.897.711', N'1042 Lê Ðức Thọ, Phường 13, Quận Gò Vấp', N'Hồ Chí Minh', N'Việt Nam', NULL, NULL, NULL)
INSERT [dbo].[Customers] ([CustomerID], [Name], [Phone], [Address], [City], [Country], [ZIPCode], [Email], [Fax]) VALUES (N'CPDM10031', N'Vũ Mạnh Nam', N'+(84) 386.683.229', N'Nhà 9B, ngách 1A/3 ngõ 1 Nhân Hòa, Nhân Chính, Thanh Xuân', N'Hà Nội', N'Việt Nam', N'11415', NULL, NULL)
INSERT [dbo].[Customers] ([CustomerID], [Name], [Phone], [Address], [City], [Country], [ZIPCode], [Email], [Fax]) VALUES (N'CPDM10032', N'Fred Fong', N'+(86) 131-6803-2284', N'Room 1501-1503, Jinxinhongdu Building, Meilong Road and Bulong Road Minzhi Street Longhua District, Shenzhen City', N'Guangdong', N'China', N'518104', N'fredfong@keyports.cn', NULL)
INSERT [dbo].[Customers] ([CustomerID], [Name], [Phone], [Address], [City], [Country], [ZIPCode], [Email], [Fax]) VALUES (N'CPDM10033', N'Adam Guolung', N'+886-2-8912-4000', N'No.6, Baoqiang Road, Xindian Dist.', N'New Taipei', N'Taiwan', N'231', N'xiaoshanjohn@gmail.com', NULL)
INSERT [dbo].[Customers] ([CustomerID], [Name], [Phone], [Address], [City], [Country], [ZIPCode], [Email], [Fax]) VALUES (N'CPDM10034', N'Nicole Li', N'+886-2-8126-4444', N'No.215, Nanping Rd., Pingzhen Dist.', N'Taoyuan', N'Taiwan', N'324', N'liqianye@gmail.com', NULL)
INSERT [dbo].[Customers] ([CustomerID], [Name], [Phone], [Address], [City], [Country], [ZIPCode], [Email], [Fax]) VALUES (N'CPDM10035', N'Lawrence Zhang', N'+886-3-5826-3123', N'No.252, Zhongxing Rd., Yangmei Dist.', N'Taoyuan', N'Taiwan', N'326', N'javajht1983@gmail.com', NULL)
INSERT [dbo].[Customers] ([CustomerID], [Name], [Phone], [Address], [City], [Country], [ZIPCode], [Email], [Fax]) VALUES (N'CPDM10036', N'Wingspan Wang', N'+886-5-8126-4444', N'No.328, Zhongzheng Rd., Taoyuan Dist., Taoyuan', N'Taoyuan', N'Taiwan', N'330', N'wingspan.wang@gmail.com', NULL)
INSERT [dbo].[Customers] ([CustomerID], [Name], [Phone], [Address], [City], [Country], [ZIPCode], [Email], [Fax]) VALUES (N'CPDM10037', N'Cassandra Kin', N'+886-5-0400-2533', N'No. 61, Long Jiang Rd., Zhongshan Dist.', N'Taipei', N'Taiwan', N'140', N'cassandra.kin@gmail.com', NULL)
INSERT [dbo].[Customers] ([CustomerID], [Name], [Phone], [Address], [City], [Country], [ZIPCode], [Email], [Fax]) VALUES (N'CPDM10038', N'Sabrina Guo', N'+886-2-1908-3228', N' 171號1樓, Xinyi Rd., Section 2, Zhongzheng Dist.', N'Taipei', N'Taiwan', N'100', N'guoli789@gmail.com', NULL)
INSERT [dbo].[Customers] ([CustomerID], [Name], [Phone], [Address], [City], [Country], [ZIPCode], [Email], [Fax]) VALUES (N'CPDM10039', N'Cheryl Zhao', N'+(86) 755-8350-0888', N'Shen Nan Dong, 紫竹七路Zhu Zi, Futian, Shenzhen', N'Guangdong', N'China', N'518040', N'ichilyun99@163.com', NULL)
INSERT [dbo].[Customers] ([CustomerID], [Name], [Phone], [Address], [City], [Country], [ZIPCode], [Email], [Fax]) VALUES (N'CPDM10040', N'Richard Bai', N'+(86) 133-1086-2891', N'宝安南路1881号, Luohu Dist., Shenzhen', N'Guangdong', N'China', N'518104', N'satsnow@163.com', NULL)
INSERT [dbo].[Customers] ([CustomerID], [Name], [Phone], [Address], [City], [Country], [ZIPCode], [Email], [Fax]) VALUES (N'CPDM10041', N'Phạm Văn Quang', N'+(84) 986.246.813', N'960 Trần Hưng Đạo, Tân Thành', N'Ninh Bình', N'Việt Nam', N'430000', N'quangpd@gmail.com', NULL)
INSERT [dbo].[Customers] ([CustomerID], [Name], [Phone], [Address], [City], [Country], [ZIPCode], [Email], [Fax]) VALUES (N'CPDM10042', N'Lehmanns Marktstand', N'069-0245984', N' Am Stadtrand 63, 22047 Hamburg', N'Hamburg', N'Deutschland ', NULL, NULL, N'069-0245874')
INSERT [dbo].[Customers] ([CustomerID], [Name], [Phone], [Address], [City], [Country], [ZIPCode], [Email], [Fax]) VALUES (N'CPDM10043', N'Trần Quang Hải', N'+(84) 684.235.774', N'7 Mai Hắc Đế, Lê Lợi, TP. Vinh', N'Nghệ An', N'Việt Nam', N'460930', N'hai7x@gmail.com', NULL)
INSERT [dbo].[Customers] ([CustomerID], [Name], [Phone], [Address], [City], [Country], [ZIPCode], [Email], [Fax]) VALUES (N'CPDM10044', N'Nguyễn Hải Nam', N'+(84) 169.125.486', N'171 Hải Thượng Lãn Ông, Phường 6, TP. Cà Mau', N'Cà Mau', N'Việt Nam', N'98116', N'namsimple@gmail.com', NULL)
INSERT [dbo].[Customers] ([CustomerID], [Name], [Phone], [Address], [City], [Country], [ZIPCode], [Email], [Fax]) VALUES (N'CPDM10045', N'Ðỗ Quang Thắng', N'+(84) 159.631.547', N'265 Tô Hiệu, Lê Lợi', N'Hưng Yên', N'Việt Nam', N'11000', N'hongvan@gmail.com', NULL)
INSERT [dbo].[Customers] ([CustomerID], [Name], [Phone], [Address], [City], [Country], [ZIPCode], [Email], [Fax]) VALUES (N'CPDM10046', N'Phạm Ngọc Hòa', N'+(84) 968.038.714', N'442, Thôn 3, Thạch Hòa, Thạch Thất', N'Hà Nội', N'Việt Nam', N'11000', N'phamngochoa.hl@gmail.com', NULL)
INSERT [dbo].[Customers] ([CustomerID], [Name], [Phone], [Address], [City], [Country], [ZIPCode], [Email], [Fax]) VALUES (N'CPDM10047', N'Alexander Feuer', N'0342-023176', N'Heerstr. 22', N'Leipzig', N'Germany', N'04179', NULL, NULL)
INSERT [dbo].[Customers] ([CustomerID], [Name], [Phone], [Address], [City], [Country], [ZIPCode], [Email], [Fax]) VALUES (N'CPDM10048', N'Simon Crowther', N'(171) 555-7733', N'South House 300 Queensbridge', N'London', N'UK', N'SW7 1RZ', NULL, N'(171) 555-2530')
INSERT [dbo].[Customers] ([CustomerID], [Name], [Phone], [Address], [City], [Country], [ZIPCode], [Email], [Fax]) VALUES (N'CPDM10050', N'Trần Quang Nhật', N'+(84) 968.531.245', N'442, Thôn 3, Thạch Hòa, Thạch Thất', N'Hà Nội', N'Việt Nam', N'11000', N'NhatTQSE2@fpt.edu.vn', NULL)
INSERT [dbo].[Customers] ([CustomerID], [Name], [Phone], [Address], [City], [Country], [ZIPCode], [Email], [Fax]) VALUES (N'CPDM10051', N'Henriette Pfalzheim', N'0221-0644327', N'Mehrheimerstr. 369', N'Köln', N'Germany', N'50739', NULL, N'0221-0765721')
INSERT [dbo].[Customers] ([CustomerID], [Name], [Phone], [Address], [City], [Country], [ZIPCode], [Email], [Fax]) VALUES (N'CPDM10052', N'Nguyễn Xuân Cường', N'+(84) 968.034.874', N'66 Ngô Gia Tự, Suối Hoa', N'Bắc Ninh', N'Việt Nam', N'220000', N'cuongnx98@gmail.com', NULL)
INSERT [dbo].[Customers] ([CustomerID], [Name], [Phone], [Address], [City], [Country], [ZIPCode], [Email], [Fax]) VALUES (N'CPDM10054', N'Ðỗ Quang Hiệp', N'+(84) 968.481.349', N'168 Phạm Ngũ Lão, Quang Trung', N'Hưng Yên', N'Việt Nam', N'360000', NULL, NULL)
INSERT [dbo].[Customers] ([CustomerID], [Name], [Phone], [Address], [City], [Country], [ZIPCode], [Email], [Fax]) VALUES (N'CPDM10055', N'Georg Pipps', N'6562-9722', N'Geislweg 14', N'Salzburg', N'Austria', N'5020', NULL, N'6562-9723')
INSERT [dbo].[Customers] ([CustomerID], [Name], [Phone], [Address], [City], [Country], [ZIPCode], [Email], [Fax]) VALUES (N'CPDM10056', N'Ðào Hồng Thúy', N'+(84) 969.102.486', N'66 Ngô Gia Tự, Suối Hoa', N'Bắc Ninh', N'Việt Nam', N'220000', N'hongthuy@gmail.com', NULL)
INSERT [dbo].[Customers] ([CustomerID], [Name], [Phone], [Address], [City], [Country], [ZIPCode], [Email], [Fax]) VALUES (N'CPDM10057', N'Michael Holz', N'0897-034214', N'Grenzacherweg 237', N'Genève', N'Switzerland', N'1203', NULL, NULL)
INSERT [dbo].[Customers] ([CustomerID], [Name], [Phone], [Address], [City], [Country], [ZIPCode], [Email], [Fax]) VALUES (N'CPDM10058', N'Hari Kumar', N'(171) 555-1717', N'90 Wadhurst Rd.', N'London', N'UK', N'OX15 4NB', NULL, N'(171) 555-5646')
INSERT [dbo].[Customers] ([CustomerID], [Name], [Phone], [Address], [City], [Country], [ZIPCode], [Email], [Fax]) VALUES (N'CPDM10059', N'Dominique Perrier', N'(1) 47.55.60.10', N'25, rue Lauriston', N'Paris', N'France', N'75016', NULL, N'(1) 47.55.60.20')
INSERT [dbo].[Customers] ([CustomerID], [Name], [Phone], [Address], [City], [Country], [ZIPCode], [Email], [Fax]) VALUES (N'CPDM10060', N'Palle Ibsen', N'86 21 32 43', N'Smagsloget 45', N'Århus', N'Denmark', N'8200', NULL, N'86 22 33 44')
INSERT [dbo].[Customers] ([CustomerID], [Name], [Phone], [Address], [City], [Country], [ZIPCode], [Email], [Fax]) VALUES (N'CPDM10061', N'Pirkko Koskitalo', N'981-443655', N'Torikatu 38', N'Oulu', N'Finland', N'90110', NULL, N'981-443655')
INSERT [dbo].[Customers] ([CustomerID], [Name], [Phone], [Address], [City], [Country], [ZIPCode], [Email], [Fax]) VALUES (N'CPDM10062', N'Zbyszek Piestrzeniewicz', N'(26) 642-7012', N'ul. Filtrowa 68', N'Warszawa', N'Poland', N'01-012', NULL, N'(26) 642-7012')
INSERT [dbo].[Customers] ([CustomerID], [Name], [Phone], [Address], [City], [Country], [ZIPCode], [Email], [Fax]) VALUES (N'CPDM10063', N'Phạm Quang Hòa', N'+(84) 788.038.714', N'320, thôn 2, Thạch Hòa, Thạch Thất', N'Hà Nội', N'Việt Nam',  N'13113', NULL, NULL)
INSERT [dbo].[Customers] ([CustomerID], [Name], [Phone], [Address], [City], [Country], [ZIPCode], [Email], [Fax]) VALUES (N'CPDM10064', N'Nguyễn Phương Hồng', N'+(84) 709.680.387', N'Thanh trung, Ý Yên', N'Nam Định', N'Việt Nam', NULL, N'hong.NPHSB1025@gmail.com', NULL)
INSERT [dbo].[Customers] ([CustomerID], [Name], [Phone], [Address], [City], [Country], [ZIPCode], [Email], [Fax]) VALUES (N'CPDM10065', N'Phan Văn Đức', N'+(84) 391.027.387', N'ĐT538, khối 3, Yên Thành', N'Nghệ An', N'Việt Nam', NULL, N'ÐucPV.1027@gmail.com', NULL)
INSERT [dbo].[Customers] ([CustomerID], [Name], [Phone], [Address], [City], [Country], [ZIPCode], [Email], [Fax]) VALUES (N'CPDM10066', N'Phạm Quang Hòa', N'+(84) 398.968.038', N'129 P. Tô Hiệu, Trại Cau, Lê Chân', N'Hải Phòng', N'Việt Nam', N'183600', N'HoaPham.1028@gmail.com', NULL)
GO
CREATE TABLE [Account](
	[userID] varchar(16) NOT NULL primary key,
	[CustomerID] varchar(16) NULL,
	[userName] nvarchar(32) NOT NULL,
	[Password] varchar(32) NULL,
	[DisplayName] nvarchar(50) NOT NULL,
	[Email] varchar(255) NULL,
	[isMod] [bit] NOT NULL,
	[isAdmin] [bit] NOT NULL,
	CONSTRAINT fk_acc FOREIGN KEY ([CustomerID]) REFERENCES [dbo].[Customers]([CustomerID])
	ON UPDATE CASCADE
	ON DELETE CASCADE
)
GO
CREATE UNIQUE INDEX unique_acc
ON [Account] (userName);

INSERT [dbo].[Account] ([userID], [userName], [Password], [DisplayName], [Email], [isMod], [isAdmin]) VALUES (N'PDM001', N'Admin', N'Admin', N'Administrator', N'admin.test@pdm.com', 0, 1)
INSERT [dbo].[Account] ([userID], [userName], [Password], [DisplayName], [Email], [isMod], [isAdmin]) VALUES (N'PDM002', N'Mod', N'Mod', N'Moderator', N'mod.test@pdm.com', 1, 0)
INSERT [dbo].[Account] ([userID], [CustomerID], [userName], [Password], [DisplayName], [Email], [isMod], [isAdmin]) VALUES (N'PDM003', N'CPDM10027', N'kieunhung01', N'Kieunhung01', N'nk_sehun', N'kieunhung09@gmail.com', 0, 0)
GO

CREATE TABLE [Feedback](
	[FeebackID] [int] NOT NULL primary key,
	[AccountID] varchar(16) NULL references Account(userID),
	[Message] nvarchar(2000) NULL,
	[Date] [datetime] NOT NULL,
)
GO

CREATE TABLE [FeedbackProduct](
	[FeebackID] [int] NOT NULL primary key,
	[CustomerID] varchar(16) NULL references Customers(CustomerID),
	[ProductID] [int] NULL references Product(ProductID),
	[Message] nvarchar(2000) NULL,
	[Date] [datetime] NOT NULL,
)

/****** Object:  Table [dbo].[Tracking] ******/
SET ANSI_NULLS ON
GO
SET QUOTED_IDENTIFIER ON
GO
CREATE TABLE [dbo].[Tracking](
	[ID] [int] IDENTITY(1,1) NOT NULL,
	[Title] NVARCHAR (24) NOT NULL,
	[CompanyName] NVARCHAR(60) NOT NULL,
	[Phone] NVARCHAR(24) NOT NULL,
	[Fax] VARCHAR (24) NULL,
	[Email] VARCHAR (255) NULL,
	[Address] NVARCHAR (255) NOT NULL,
	[Website] VARCHAR (200) NULL,
	[Facebook] VARCHAR (200) NULL,
	[Logo] VARCHAR (50) NULL,
	[Picture] VARCHAR (50) NULL
 CONSTRAINT [PK_Tracking] PRIMARY KEY CLUSTERED 
(
	[ID] ASC
)WITH (PAD_INDEX  = OFF, STATISTICS_NORECOMPUTE  = OFF, IGNORE_DUP_KEY = OFF, ALLOW_ROW_LOCKS  = ON, ALLOW_PAGE_LOCKS  = ON) ON [PRIMARY]
) ON [PRIMARY]
GO
SET IDENTITY_INSERT [dbo].[Tracking] OFF
INSERT [dbo].[Tracking] ([Title], [CompanyName], [Phone], [Fax], [Email], [Address], [Website], [Facebook], [Logo], [Picture]) VALUES (N'EMS', N'TỔNG CÔNG TY CHUYỂN PHÁT NHANH BƯU ÐIỆN – CTCP', N'(84) 4.3537 1552', N'(04) 3757 6144', N'cskh@ems.com.vn', N'Tầng 4 FLC Landmark Tower, ngõ 5 Lê Ðức Thọ, Mỹ Ðình 2, Nam Từ Liêm, Hà Nội', N'https://www.ems.com.vn/', NULL, N'logo_ems.jpg', N'ava-ems.png')
INSERT [dbo].[Tracking] ([Title], [CompanyName], [Phone], [Fax], [Email], [Address], [Website], [Facebook], [Logo], [Picture]) VALUES (N'Viettel Post', N'TỔNG CÔNG TY CỔ PHẦN BƯU CHÍNH VIETTEL', N'(04) 6266 0306', N'(04) 6287 3800', N'kinhdoanh@viettelpost.com.vn', N'Số 1 Giang Văn Minh, Kim Mã, Ba Ðình, Hà Nội', N'https://viettelpost.com.vn/', N'https://www.facebook.com/viettelpost/', N'logo_viettelPost.png', N'ava-viettelPost.jpg')
INSERT [dbo].[Tracking] ([Title], [CompanyName], [Phone], [Fax], [Email], [Address], [Website], [Facebook], [Logo], [Picture]) VALUES (N'DHL', N'DHL-VNPT Express Ltd.', N'(84) 8.3844 6203', N'(84) 8.3845 6841', NULL, N'6 Thăng Long, Tân Bình, Hồ Chí Minh', N'https://www.dhl.com/vn-vi/home.html', N'https://www.facebook.com/dhl', N'logo_dhl.png', N'ava-dhl.png')
INSERT [dbo].[Tracking] ([Title], [CompanyName], [Phone], [Fax], [Email], [Address], [Website], [Facebook], [Logo], [Picture]) VALUES (N'GHN', N'CÔNG TY CỔ PHẦN DỊCH VỤ GIAO HÀNG NHANH', N'1900 6092', NULL, NULL, N'405/15 Xô Viết Nghệ Tĩnh, Phường 24, Quận Bình Thạnh, TP HCM', N'https://ghn.vn/', N'https://www.facebook.com/GHNExpress/', N'logo_ghn.jpg', N'ava-ghn.png')
INSERT [dbo].[Tracking] ([Title], [CompanyName], [Phone], [Fax], [Email], [Address], [Website], [Facebook], [Logo], [Picture]) VALUES (N'GHTK', N'CÔNG TY CỔ PHẦN GIAO HÀNG TIẾT KIỆM', N'1800 1201', NULL, NULL, N'Tòa nhà VTV, số 8 Phạm Hùng, Mễ Trì, Nam Từ Liêm, Hà Nội', N'https://giaohangtietkiem.vn/', N'https://www.facebook.com/Giaohangtietkiem.vn/', N'logo_ghtk.png', N'ava-ghtk.png')
INSERT [dbo].[Tracking] ([Title], [CompanyName], [Phone], [Fax], [Email], [Address], [Website], [Facebook], [Logo], [Picture]) VALUES (N'NINJA VAN', N'CÔNG TY TNHH NIN SING LOGISTICS', N'1900 886 877', NULL, N'vn-directsales@ninjavan.co', N'117/2D1 Hồ Văn Long, Phường Tân Tạo, Quận Bình Tân, TP. Hồ Chí Minh', N'https://giaohangtietkiem.vn/', N'https://www.facebook.com/Giaohangtietkiem.vn/', N'logo_ninjavan.png', N'ava-ninjavan.png')
/****** Object:  Default [DF_Order_Details_UnitPrice] ******/
ALTER TABLE [dbo].[Order Details] ADD  CONSTRAINT [DF_Order_Details_UnitPrice]  DEFAULT (0) FOR [UnitPrice]
GO
/****** Object:  Default [DF_Order_Details_Quantity] ******/
ALTER TABLE [dbo].[Order Details] ADD  CONSTRAINT [DF_Order_Details_Quantity]  DEFAULT (1) FOR [Quantity]
GO
/****** Object:  Default [DF_Order_Details_Discount] ******/
ALTER TABLE [dbo].[Order Details] ADD  CONSTRAINT [DF_Order_Details_Discount]  DEFAULT (0) FOR [Discount]
GO
/****** Object:  Default [DF_Products_Discontinued] ******/
ALTER TABLE [dbo].[Product] ADD  CONSTRAINT [DF_Products_Discontinued]  DEFAULT (0) FOR [Discontinued]
GO
/****** Object:  Check [CK_Discount] ******/
ALTER TABLE [dbo].[Order Details]  WITH NOCHECK ADD  CONSTRAINT [CK_Discount] CHECK  (([Discount] >= 0 and [Discount] <= 1))
GO
ALTER TABLE [dbo].[Order Details] CHECK CONSTRAINT [CK_Discount]
GO
/****** Object:  Check [CK_Quantity] ******/
ALTER TABLE [dbo].[Order Details]  WITH NOCHECK ADD  CONSTRAINT [CK_Quantity] CHECK  (([Quantity] > 0))
GO
ALTER TABLE [dbo].[Order Details] CHECK CONSTRAINT [CK_Quantity]
GO
/****** Object:  Check [CK_UnitPrice] ******/
ALTER TABLE [dbo].[Order Details]  WITH NOCHECK ADD  CONSTRAINT [CK_UnitPrice] CHECK  (([UnitPrice] >= 0))
GO
ALTER TABLE [dbo].[Order Details] CHECK CONSTRAINT [CK_UnitPrice]
GO
/****** Object:  ForeignKey [FK_Order_Details_Orders] ******/
ALTER TABLE [dbo].[Order Details]  WITH NOCHECK ADD  CONSTRAINT [FK_Order_Details_Orders] FOREIGN KEY([OrderID])
REFERENCES [dbo].[Orders] ([OrderID])
GO
ALTER TABLE [dbo].[Order Details] CHECK CONSTRAINT [FK_Order_Details_Orders]
GO
/****** Object:  ForeignKey [FK_Order_Details_Product] ******/
ALTER TABLE [dbo].[Order Details]  WITH NOCHECK ADD  CONSTRAINT [FK_Order_Details_Product] FOREIGN KEY([ProductID])
REFERENCES [dbo].[Product] ([ProductID])
GO
ALTER TABLE [dbo].[Order Details] CHECK CONSTRAINT [FK_Order_Details_Product]
GO
/****** Object:  ForeignKey [FK_Orders_Customers] ******/
ALTER TABLE [dbo].[Orders]  WITH NOCHECK ADD  CONSTRAINT [FK_Orders_Customers] FOREIGN KEY([CustomerID])
REFERENCES [dbo].[Customers] ([CustomerID])
GO
ALTER TABLE [dbo].[Orders] CHECK CONSTRAINT [FK_Orders_Customers]
GO
/****** Object:  ForeignKey [FK_Orders_Tracking] ******/
ALTER TABLE [dbo].[Orders]  WITH NOCHECK ADD  CONSTRAINT [FK_Orders_Tracking] FOREIGN KEY([ShipVia])
REFERENCES [dbo].[Tracking] ([ID])
GO
ALTER TABLE [dbo].[Orders] CHECK CONSTRAINT [FK_Orders_Tracking]
GO
USE [master]
GO
